Wvlgth nm,Global tilt  W*m-2*nm-1,photon energy (J),photon flux (s-1 m-2 nm-1)
280.0,4.7309E-23,7.09455E-19,6.6684E-05
280.5,1.2307E-21,7.08191E-19,1.7378E-03
281.0,5.6895E-21,7.06931E-19,8.0482E-03
281.5,1.5662E-19,7.05675E-19,2.2194E-01
282.0,1.1946E-18,7.04424E-19,1.6959E+00
282.5,4.5436E-18,7.03177E-19,6.4615E+00
283.0,1.8452E-17,7.01935E-19,2.6287E+01
283.5,3.5360E-17,7.00697E-19,5.0464E+01
284.0,7.2670E-16,6.99463E-19,1.0389E+03
284.5,2.4856E-15,6.98234E-19,3.5598E+03
285.0,8.0142E-15,6.97009E-19,1.1498E+04
285.5,4.2613E-14,6.95788E-19,6.1244E+04
286.0,1.3684E-13,6.94572E-19,1.9701E+05
286.5,8.3823E-13,6.93359E-19,1.2089E+06
287.0,2.7367E-12,6.92151E-19,3.9539E+06
287.5,1.0903E-11,6.90948E-19,1.5780E+07
288.0,6.2337E-11,6.89748E-19,9.0376E+07
288.5,1.7162E-10,6.88553E-19,2.4925E+08
289.0,5.6265E-10,6.87362E-19,8.1856E+08
289.5,2.0749E-09,6.86174E-19,3.0239E+09
290.0,6.0168E-09,6.84991E-19,8.7838E+09
290.5,1.3783E-08,6.83812E-19,2.0156E+10
291.0,3.5052E-08,6.82637E-19,5.1348E+10
291.5,1.0913E-07,6.81466E-19,1.6014E+11
292.0,2.6830E-07,6.803E-19,3.9439E+11
292.5,4.2685E-07,6.79137E-19,6.2852E+11
293.0,8.6466E-07,6.77978E-19,1.2754E+12
293.5,2.2707E-06,6.76823E-19,3.3549E+12
294.0,4.1744E-06,6.75672E-19,6.1781E+12
294.5,6.5911E-06,6.74525E-19,9.7715E+12
295.0,1.2290E-05,6.73381E-19,1.8251E+13
295.5,2.7826E-05,6.72242E-19,4.1393E+13
296.0,4.7904E-05,6.71106E-19,7.1381E+13
296.5,7.1345E-05,6.69975E-19,1.0649E+14
297.0,9.6800E-05,6.68847E-19,1.4473E+14
297.5,1.8608E-04,6.67723E-19,2.7868E+14
298.0,2.8988E-04,6.66602E-19,4.3486E+14
298.5,3.5789E-04,6.65486E-19,5.3779E+14
299.0,4.9211E-04,6.64373E-19,7.4071E+14
299.5,8.6068E-04,6.63264E-19,1.2976E+15
300.0,1.0205E-03,6.62158E-19,1.5412E+15
300.5,1.2450E-03,6.61057E-19,1.8833E+15
301.0,1.9300E-03,6.59958E-19,2.9244E+15
301.5,2.6914E-03,6.58864E-19,4.0849E+15
302.0,2.9209E-03,6.57773E-19,4.4406E+15
302.5,4.2840E-03,6.56686E-19,6.5237E+15
303.0,7.0945E-03,6.55602E-19,1.0821E+16
303.5,8.9795E-03,6.54522E-19,1.3719E+16
304.0,9.4701E-03,6.53446E-19,1.4493E+16
304.5,1.1953E-02,6.52373E-19,1.8322E+16
305.0,1.6463E-02,6.51303E-19,2.5277E+16
305.5,1.8719E-02,6.50237E-19,2.8788E+16
306.0,1.8577E-02,6.49175E-19,2.8616E+16
306.5,2.1108E-02,6.48116E-19,3.2568E+16
307.0,2.7849E-02,6.4706E-19,4.3039E+16
307.5,3.5635E-02,6.46008E-19,5.5162E+16
308.0,3.7837E-02,6.44959E-19,5.8666E+16
308.5,4.1430E-02,6.43914E-19,6.4341E+16
309.0,4.0534E-02,6.42872E-19,6.3051E+16
309.5,4.3306E-02,6.41834E-19,6.7472E+16
310.0,5.0939E-02,6.40798E-19,7.9493E+16
310.5,6.5540E-02,6.39766E-19,1.0244E+17
311.0,8.2922E-02,6.38738E-19,1.2982E+17
311.5,8.4080E-02,6.37713E-19,1.3185E+17
312.0,9.3376E-02,6.36691E-19,1.4666E+17
312.5,9.8984E-02,6.35672E-19,1.5572E+17
313.0,1.0733E-01,6.34656E-19,1.6912E+17
313.5,1.0757E-01,6.33644E-19,1.6976E+17
314.0,1.1969E-01,6.32635E-19,1.8919E+17
314.5,1.3060E-01,6.3163E-19,2.0677E+17
315.0,1.3625E-01,6.30627E-19,2.1605E+17
315.5,1.1838E-01,6.29628E-19,1.8802E+17
316.0,1.2348E-01,6.28631E-19,1.9643E+17
316.5,1.5036E-01,6.27638E-19,2.3956E+17
317.0,1.7158E-01,6.26648E-19,2.7381E+17
317.5,1.8245E-01,6.25661E-19,2.9161E+17
318.0,1.7594E-01,6.24678E-19,2.8165E+17
318.5,1.8591E-01,6.23697E-19,2.9808E+17
319.0,2.0470E-01,6.22719E-19,3.2872E+17
319.5,1.9589E-01,6.21745E-19,3.1506E+17
320.0,2.0527E-01,6.20773E-19,3.3067E+17
320.5,2.4525E-01,6.19805E-19,3.9569E+17
321.0,2.5024E-01,6.1884E-19,4.0437E+17
321.5,2.3843E-01,6.17877E-19,3.8589E+17
322.0,2.2203E-01,6.16918E-19,3.5990E+17
322.5,2.1709E-01,6.15961E-19,3.5244E+17
323.0,2.1226E-01,6.15008E-19,3.4513E+17
323.5,2.4861E-01,6.14057E-19,4.0486E+17
324.0,2.7537E-01,6.1311E-19,4.4914E+17
324.5,2.8321E-01,6.12165E-19,4.6264E+17
325.0,2.7894E-01,6.11223E-19,4.5636E+17
325.5,3.2436E-01,6.10284E-19,5.3149E+17
326.0,3.8120E-01,6.09348E-19,6.2559E+17
326.5,4.0722E-01,6.08415E-19,6.6931E+17
327.0,3.9806E-01,6.07485E-19,6.5526E+17
327.5,3.8465E-01,6.06557E-19,6.3415E+17
328.0,3.5116E-01,6.05633E-19,5.7982E+17
328.5,3.7164E-01,6.04711E-19,6.1457E+17
329.0,4.2235E-01,6.03792E-19,6.9950E+17
329.5,4.6878E-01,6.02876E-19,7.7757E+17
330.0,4.7139E-01,6.01962E-19,7.8309E+17
330.5,4.2800E-01,6.01051E-19,7.1209E+17
331.0,4.0262E-01,6.00143E-19,6.7087E+17
331.5,4.1806E-01,5.99238E-19,6.9765E+17
332.0,4.3623E-01,5.98336E-19,7.2907E+17
332.5,4.3919E-01,5.97436E-19,7.3512E+17
333.0,4.2944E-01,5.96539E-19,7.1989E+17
333.5,4.0724E-01,5.95645E-19,6.8370E+17
334.0,4.1497E-01,5.94753E-19,6.9772E+17
334.5,4.4509E-01,5.93864E-19,7.4948E+17
335.0,4.6388E-01,5.92978E-19,7.8229E+17
335.5,4.5313E-01,5.92094E-19,7.6530E+17
336.0,4.1519E-01,5.91213E-19,7.0227E+17
336.5,3.8214E-01,5.90334E-19,6.4733E+17
337.0,3.7380E-01,5.89458E-19,6.3414E+17
337.5,4.0051E-01,5.88585E-19,6.8046E+17
338.0,4.3411E-01,5.87714E-19,7.3864E+17
338.5,4.5527E-01,5.86846E-19,7.7579E+17
339.0,4.6355E-01,5.85981E-19,7.9107E+17
339.5,4.7446E-01,5.85118E-19,8.1088E+17
340.0,5.0180E-01,5.84257E-19,8.5887E+17
340.5,5.0071E-01,5.83399E-19,8.5826E+17
341.0,4.7139E-01,5.82544E-19,8.0919E+17
341.5,4.6935E-01,5.81691E-19,8.0687E+17
342.0,4.8934E-01,5.80841E-19,8.4247E+17
342.5,5.0767E-01,5.79993E-19,8.7530E+17
343.0,5.1489E-01,5.79147E-19,8.8905E+17
343.5,4.8609E-01,5.78304E-19,8.4054E+17
344.0,4.1843E-01,5.77464E-19,7.2460E+17
344.5,4.0307E-01,5.76625E-19,6.9902E+17
345.0,4.5898E-01,5.7579E-19,7.9713E+17
345.5,4.8932E-01,5.74957E-19,8.5106E+17
346.0,4.7778E-01,5.74126E-19,8.3219E+17
346.5,4.8657E-01,5.73297E-19,8.4872E+17
347.0,4.9404E-01,5.72471E-19,8.6300E+17
347.5,4.7674E-01,5.71647E-19,8.3398E+17
348.0,4.7511E-01,5.70826E-19,8.3232E+17
348.5,4.8336E-01,5.70007E-19,8.4799E+17
349.0,4.6564E-01,5.6919E-19,8.1807E+17
349.5,4.7805E-01,5.68376E-19,8.4108E+17
350.0,5.2798E-01,5.67564E-19,9.3026E+17
350.5,5.6741E-01,5.66755E-19,1.0012E+18
351.0,5.5172E-01,5.65947E-19,9.7486E+17
351.5,5.3022E-01,5.65142E-19,9.3821E+17
352.0,5.1791E-01,5.64339E-19,9.1773E+17
352.5,4.8962E-01,5.63539E-19,8.6883E+17
353.0,5.2040E-01,5.62741E-19,9.2476E+17
353.5,5.7228E-01,5.61945E-19,1.0184E+18
354.0,6.0498E-01,5.61151E-19,1.0781E+18
354.5,6.1156E-01,5.6036E-19,1.0914E+18
355.0,6.1140E-01,5.5957E-19,1.0926E+18
355.5,5.9028E-01,5.58783E-19,1.0564E+18
356.0,5.5387E-01,5.57999E-19,9.9260E+17
356.5,5.1942E-01,5.57216E-19,9.3217E+17
357.0,4.5673E-01,5.56436E-19,8.2081E+17
357.5,4.6215E-01,5.55657E-19,8.3172E+17
358.0,4.3006E-01,5.54881E-19,7.7505E+17
358.5,3.9926E-01,5.54107E-19,7.2055E+17
359.0,4.6953E-01,5.53336E-19,8.4854E+17
359.5,5.6549E-01,5.52566E-19,1.0234E+18
360.0,5.9817E-01,5.51799E-19,1.0840E+18
360.5,5.6531E-01,5.51033E-19,1.0259E+18
361.0,5.2024E-01,5.5027E-19,9.4543E+17
361.5,5.0956E-01,5.49509E-19,9.2730E+17
362.0,5.3420E-01,5.4875E-19,9.7349E+17
362.5,5.8510E-01,5.47993E-19,1.0677E+18
363.0,6.0191E-01,5.47238E-19,1.0999E+18
363.5,5.8541E-01,5.46486E-19,1.0712E+18
364.0,6.0628E-01,5.45735E-19,1.1109E+18
364.5,6.0058E-01,5.44986E-19,1.1020E+18
365.0,6.2359E-01,5.4424E-19,1.1458E+18
365.5,6.8628E-01,5.43495E-19,1.2627E+18
366.0,7.3532E-01,5.42753E-19,1.3548E+18
366.5,7.3658E-01,5.42012E-19,1.3590E+18
367.0,7.2285E-01,5.41274E-19,1.3355E+18
367.5,7.0914E-01,5.40537E-19,1.3119E+18
368.0,6.6759E-01,5.39803E-19,1.2367E+18
368.5,6.6310E-01,5.39071E-19,1.2301E+18
369.0,6.9315E-01,5.3834E-19,1.2876E+18
369.5,7.4469E-01,5.37612E-19,1.3852E+18
370.0,7.5507E-01,5.36885E-19,1.4064E+18
370.5,6.8261E-01,5.36161E-19,1.2731E+18
371.0,6.9338E-01,5.35438E-19,1.2950E+18
371.5,7.2051E-01,5.34717E-19,1.3475E+18
372.0,6.7444E-01,5.33999E-19,1.2630E+18
372.5,6.4253E-01,5.33282E-19,1.2049E+18
373.0,6.1886E-01,5.32567E-19,1.1620E+18
373.5,5.5786E-01,5.31854E-19,1.0489E+18
374.0,5.5640E-01,5.31143E-19,1.0476E+18
374.5,5.5227E-01,5.30434E-19,1.0412E+18
375.0,5.8930E-01,5.29727E-19,1.1125E+18
375.5,6.5162E-01,5.29021E-19,1.2317E+18
376.0,6.7480E-01,5.28318E-19,1.2773E+18
376.5,6.6390E-01,5.27616E-19,1.2583E+18
377.0,7.1225E-01,5.26916E-19,1.3517E+18
377.5,7.9455E-01,5.26218E-19,1.5099E+18
378.0,8.5595E-01,5.25522E-19,1.6288E+18
378.5,8.3418E-01,5.24828E-19,1.5894E+18
379.0,7.4389E-01,5.24136E-19,1.4193E+18
379.5,6.6683E-01,5.23445E-19,1.2739E+18
380.0,7.0077E-01,5.22757E-19,1.3405E+18
380.5,7.5075E-01,5.2207E-19,1.4380E+18
381.0,7.6383E-01,5.21384E-19,1.4650E+18
381.5,6.8837E-01,5.20701E-19,1.3220E+18
382.0,5.8678E-01,5.2002E-19,1.1284E+18
382.5,5.0762E-01,5.1934E-19,9.7743E+17
383.0,4.5499E-01,5.18662E-19,8.7724E+17
383.5,4.4049E-01,5.17986E-19,8.5039E+17
384.0,5.0968E-01,5.17311E-19,9.8525E+17
384.5,6.1359E-01,5.16638E-19,1.1877E+18
385.0,6.7355E-01,5.15967E-19,1.3054E+18
385.5,6.4363E-01,5.15298E-19,1.2490E+18
386.0,6.2100E-01,5.14631E-19,1.2067E+18
386.5,6.4570E-01,5.13965E-19,1.2563E+18
387.0,6.5147E-01,5.13301E-19,1.2692E+18
387.5,6.4204E-01,5.12639E-19,1.2524E+18
388.0,6.3582E-01,5.11978E-19,1.2419E+18
388.5,6.3136E-01,5.11319E-19,1.2348E+18
389.0,6.8543E-01,5.10662E-19,1.3422E+18
389.5,7.5970E-01,5.10006E-19,1.4896E+18
390.0,7.9699E-01,5.09353E-19,1.5647E+18
390.5,8.0371E-01,5.087E-19,1.5799E+18
391.0,8.5138E-01,5.0805E-19,1.6758E+18
391.5,8.6344E-01,5.07401E-19,1.7017E+18
392.0,7.9493E-01,5.06754E-19,1.5687E+18
392.5,6.6257E-01,5.06108E-19,1.3091E+18
393.0,4.7975E-01,5.05464E-19,9.4913E+17
393.5,3.8152E-01,5.04822E-19,7.5575E+17
394.0,4.9567E-01,5.04181E-19,9.8312E+17
394.5,6.8385E-01,5.03542E-19,1.3581E+18
395.0,8.0772E-01,5.02905E-19,1.6061E+18
395.5,8.6038E-01,5.02269E-19,1.7130E+18
396.0,7.5655E-01,5.01635E-19,1.5082E+18
396.5,5.5017E-01,5.01002E-19,1.0981E+18
397.0,4.2619E-01,5.00371E-19,8.5175E+17
397.5,6.2945E-01,4.99742E-19,1.2595E+18
398.0,8.5249E-01,4.99114E-19,1.7080E+18
398.5,1.0069E+00,4.98488E-19,2.0199E+18
399.0,1.0693E+00,4.97863E-19,2.1478E+18
399.5,1.1021E+00,4.9724E-19,2.2164E+18
400.0,1.1141E+00,4.96619E-19,2.2434E+18
401.0,1.1603E+00,4.9538E-19,2.3422E+18
402.0,1.2061E+00,4.94148E-19,2.4408E+18
403.0,1.1613E+00,4.92922E-19,2.3560E+18
404.0,1.1801E+00,4.91702E-19,2.4000E+18
405.0,1.1511E+00,4.90488E-19,2.3468E+18
406.0,1.1227E+00,4.8928E-19,2.2946E+18
407.0,1.1026E+00,4.88077E-19,2.2591E+18
408.0,1.1514E+00,4.86881E-19,2.3648E+18
409.0,1.2299E+00,4.85691E-19,2.5323E+18
410.0,1.0485E+00,4.84506E-19,2.1641E+18
411.0,1.1738E+00,4.83327E-19,2.4286E+18
412.0,1.2478E+00,4.82154E-19,2.5880E+18
413.0,1.1971E+00,4.80987E-19,2.4888E+18
414.0,1.1842E+00,4.79825E-19,2.4680E+18
415.0,1.2258E+00,4.78669E-19,2.5609E+18
416.0,1.2624E+00,4.77518E-19,2.6437E+18
417.0,1.2312E+00,4.76373E-19,2.5845E+18
418.0,1.1777E+00,4.75233E-19,2.4782E+18
419.0,1.2258E+00,4.74099E-19,2.5855E+18
420.0,1.1232E+00,4.7297E-19,2.3748E+18
421.0,1.2757E+00,4.71847E-19,2.7036E+18
422.0,1.2583E+00,4.70729E-19,2.6731E+18
423.0,1.2184E+00,4.69616E-19,2.5945E+18
424.0,1.2117E+00,4.68508E-19,2.5863E+18
425.0,1.2488E+00,4.67406E-19,2.6718E+18
426.0,1.2135E+00,4.66309E-19,2.6024E+18
427.0,1.1724E+00,4.65217E-19,2.5201E+18
428.0,1.1839E+00,4.6413E-19,2.5508E+18
429.0,1.0963E+00,4.63048E-19,2.3676E+18
430.0,8.7462E-01,4.61971E-19,1.8932E+18
431.0,7.9394E-01,4.60899E-19,1.7226E+18
432.0,1.3207E+00,4.59832E-19,2.8721E+18
433.0,1.2288E+00,4.5877E-19,2.6785E+18
434.0,1.1352E+00,4.57713E-19,2.4802E+18
435.0,1.2452E+00,4.56661E-19,2.7267E+18
436.0,1.3659E+00,4.55613E-19,2.9979E+18
437.0,1.3943E+00,4.54571E-19,3.0673E+18
438.0,1.2238E+00,4.53533E-19,2.6984E+18
439.0,1.1775E+00,4.525E-19,2.6022E+18
440.0,1.3499E+00,4.51472E-19,2.9900E+18
441.0,1.3313E+00,4.50448E-19,2.9555E+18
442.0,1.4250E+00,4.49429E-19,3.1707E+18
443.0,1.4453E+00,4.48414E-19,3.2231E+18
444.0,1.4084E+00,4.47404E-19,3.1479E+18
445.0,1.4619E+00,4.46399E-19,3.2749E+18
446.0,1.3108E+00,4.45398E-19,2.9430E+18
447.0,1.4903E+00,4.44402E-19,3.3535E+18
448.0,1.5081E+00,4.4341E-19,3.4011E+18
449.0,1.5045E+00,4.42422E-19,3.4006E+18
450.0,1.5595E+00,4.41439E-19,3.5328E+18
451.0,1.6173E+00,4.4046E-19,3.6718E+18
452.0,1.5482E+00,4.39486E-19,3.5228E+18
453.0,1.4297E+00,4.38515E-19,3.2603E+18
454.0,1.5335E+00,4.3755E-19,3.5047E+18
455.0,1.5224E+00,4.36588E-19,3.4870E+18
456.0,1.5724E+00,4.3563E-19,3.6095E+18
457.0,1.5854E+00,4.34677E-19,3.6473E+18
458.0,1.5514E+00,4.33728E-19,3.5769E+18
459.0,1.5391E+00,4.32783E-19,3.5563E+18
460.0,1.5291E+00,4.31842E-19,3.5409E+18
461.0,1.5827E+00,4.30906E-19,3.6730E+18
462.0,1.5975E+00,4.29973E-19,3.7154E+18
463.0,1.6031E+00,4.29044E-19,3.7364E+18
464.0,1.5544E+00,4.2812E-19,3.6308E+18
465.0,1.5350E+00,4.27199E-19,3.5932E+18
466.0,1.5673E+00,4.26282E-19,3.6767E+18
467.0,1.4973E+00,4.25369E-19,3.5200E+18
468.0,1.5619E+00,4.2446E-19,3.6797E+18
469.0,1.5682E+00,4.23555E-19,3.7025E+18
470.0,1.5077E+00,4.22654E-19,3.5672E+18
471.0,1.5331E+00,4.21757E-19,3.6350E+18
472.0,1.6126E+00,4.20863E-19,3.8316E+18
473.0,1.5499E+00,4.19974E-19,3.6905E+18
474.0,1.5671E+00,4.19088E-19,3.7393E+18
475.0,1.6185E+00,4.18205E-19,3.8701E+18
476.0,1.5631E+00,4.17327E-19,3.7455E+18
477.0,1.5724E+00,4.16452E-19,3.7757E+18
478.0,1.6230E+00,4.15581E-19,3.9054E+18
479.0,1.5916E+00,4.14713E-19,3.8378E+18
480.0,1.6181E+00,4.13849E-19,3.9099E+18
481.0,1.6177E+00,4.12989E-19,3.9171E+18
482.0,1.6236E+00,4.12132E-19,3.9395E+18
483.0,1.6038E+00,4.11278E-19,3.8995E+18
484.0,1.5734E+00,4.10429E-19,3.8336E+18
485.0,1.5683E+00,4.09582E-19,3.8290E+18
486.0,1.2716E+00,4.0874E-19,3.1110E+18
487.0,1.4241E+00,4.079E-19,3.4913E+18
488.0,1.5413E+00,4.07065E-19,3.7864E+18
489.0,1.4519E+00,4.06232E-19,3.5741E+18
490.0,1.6224E+00,4.05403E-19,4.0019E+18
491.0,1.5595E+00,4.04577E-19,3.8546E+18
492.0,1.4869E+00,4.03755E-19,3.6827E+18
493.0,1.5903E+00,4.02936E-19,3.9468E+18
494.0,1.5525E+00,4.0212E-19,3.8608E+18
495.0,1.6485E+00,4.01308E-19,4.1078E+18
496.0,1.5676E+00,4.00499E-19,3.9141E+18
497.0,1.5944E+00,3.99693E-19,3.9891E+18
498.0,1.5509E+00,3.98891E-19,3.8880E+18
499.0,1.5507E+00,3.98091E-19,3.8953E+18
500.0,1.5451E+00,3.97295E-19,3.8891E+18
501.0,1.4978E+00,3.96502E-19,3.7775E+18
502.0,1.4966E+00,3.95712E-19,3.7820E+18
503.0,1.5653E+00,3.94925E-19,3.9635E+18
504.0,1.4587E+00,3.94142E-19,3.7010E+18
505.0,1.5635E+00,3.93361E-19,3.9747E+18
506.0,1.6264E+00,3.92584E-19,4.1428E+18
507.0,1.5560E+00,3.9181E-19,3.9713E+18
508.0,1.5165E+00,3.91038E-19,3.8781E+18
509.0,1.5893E+00,3.9027E-19,4.0723E+18
510.0,1.5481E+00,3.89505E-19,3.9745E+18
511.0,1.5769E+00,3.88743E-19,4.0564E+18
512.0,1.6186E+00,3.87983E-19,4.1718E+18
513.0,1.5206E+00,3.87227E-19,3.9269E+18
514.0,1.4885E+00,3.86474E-19,3.8515E+18
515.0,1.5314E+00,3.85723E-19,3.9702E+18
516.0,1.5455E+00,3.84976E-19,4.0145E+18
517.0,1.2594E+00,3.84231E-19,3.2777E+18
518.0,1.4403E+00,3.83489E-19,3.7558E+18
519.0,1.3957E+00,3.8275E-19,3.6465E+18
520.0,1.5236E+00,3.82014E-19,3.9883E+18
521.0,1.5346E+00,3.81281E-19,4.0249E+18
522.0,1.5690E+00,3.80551E-19,4.1230E+18
523.0,1.4789E+00,3.79823E-19,3.8937E+18
524.0,1.5905E+00,3.79098E-19,4.1955E+18
525.0,1.5781E+00,3.78376E-19,4.1707E+18
526.0,1.5341E+00,3.77657E-19,4.0622E+18
527.0,1.3417E+00,3.7694E-19,3.5595E+18
528.0,1.5357E+00,3.76226E-19,4.0819E+18
529.0,1.6071E+00,3.75515E-19,4.2797E+18
530.0,1.5446E+00,3.74807E-19,4.1211E+18
531.0,1.6292E+00,3.74101E-19,4.3550E+18
532.0,1.5998E+00,3.73398E-19,4.2844E+18
533.0,1.4286E+00,3.72697E-19,3.8331E+18
534.0,1.5302E+00,3.71999E-19,4.1135E+18
535.0,1.5535E+00,3.71304E-19,4.1839E+18
536.0,1.6199E+00,3.70611E-19,4.3709E+18
537.0,1.4989E+00,3.69921E-19,4.0519E+18
538.0,1.5738E+00,3.69233E-19,4.2623E+18
539.0,1.5352E+00,3.68548E-19,4.1655E+18
540.0,1.4825E+00,3.67866E-19,4.0300E+18
541.0,1.4251E+00,3.67186E-19,3.8811E+18
542.0,1.5511E+00,3.66508E-19,4.2321E+18
543.0,1.5256E+00,3.65833E-19,4.1702E+18
544.0,1.5792E+00,3.65161E-19,4.3247E+18
545.0,1.5435E+00,3.64491E-19,4.2347E+18
546.0,1.5291E+00,3.63823E-19,4.2029E+18
547.0,1.5490E+00,3.63158E-19,4.2654E+18
548.0,1.5049E+00,3.62495E-19,4.1515E+18
549.0,1.5520E+00,3.61835E-19,4.2892E+18
550.0,1.5399E+00,3.61177E-19,4.2636E+18
551.0,1.5382E+00,3.60522E-19,4.2666E+18
552.0,1.5697E+00,3.59869E-19,4.3619E+18
553.0,1.5250E+00,3.59218E-19,4.2453E+18
554.0,1.5549E+00,3.58569E-19,4.3364E+18
555.0,1.5634E+00,3.57923E-19,4.3680E+18
556.0,1.5366E+00,3.5728E-19,4.3008E+18
557.0,1.4988E+00,3.56638E-19,4.2026E+18
558.0,1.5310E+00,3.55999E-19,4.3006E+18
559.0,1.4483E+00,3.55362E-19,4.0756E+18
560.0,1.4740E+00,3.54728E-19,4.1553E+18
561.0,1.5595E+00,3.54095E-19,4.4042E+18
562.0,1.4847E+00,3.53465E-19,4.2004E+18
563.0,1.5408E+00,3.52837E-19,4.3669E+18
564.0,1.5106E+00,3.52212E-19,4.2889E+18
565.0,1.5201E+00,3.51588E-19,4.3235E+18
566.0,1.4374E+00,3.50967E-19,4.0955E+18
567.0,1.5320E+00,3.50348E-19,4.3728E+18
568.0,1.5180E+00,3.49731E-19,4.3405E+18
569.0,1.4807E+00,3.49117E-19,4.2413E+18
570.0,1.4816E+00,3.48504E-19,4.2513E+18
571.0,1.4331E+00,3.47894E-19,4.1194E+18
572.0,1.5134E+00,3.47286E-19,4.3578E+18
573.0,1.5198E+00,3.4668E-19,4.3839E+18
574.0,1.5119E+00,3.46076E-19,4.3687E+18
575.0,1.4777E+00,3.45474E-19,4.2773E+18
576.0,1.4654E+00,3.44874E-19,4.2491E+18
577.0,1.5023E+00,3.44276E-19,4.3636E+18
578.0,1.4560E+00,3.43681E-19,4.2365E+18
579.0,1.4770E+00,3.43087E-19,4.3050E+18
580.0,1.5020E+00,3.42496E-19,4.3855E+18
581.0,1.5089E+00,3.41906E-19,4.4132E+18
582.0,1.5320E+00,3.41319E-19,4.4885E+18
583.0,1.5479E+00,3.40733E-19,4.5428E+18
584.0,1.5448E+00,3.4015E-19,4.5415E+18
585.0,1.5324E+00,3.39568E-19,4.5128E+18
586.0,1.4953E+00,3.38989E-19,4.4111E+18
587.0,1.5281E+00,3.38411E-19,4.5155E+18
588.0,1.4934E+00,3.37836E-19,4.4205E+18
589.0,1.2894E+00,3.37262E-19,3.8231E+18
590.0,1.3709E+00,3.36691E-19,4.0717E+18
591.0,1.4662E+00,3.36121E-19,4.3621E+18
592.0,1.4354E+00,3.35553E-19,4.2777E+18
593.0,1.4561E+00,3.34987E-19,4.3467E+18
594.0,1.4491E+00,3.34423E-19,4.3331E+18
595.0,1.4308E+00,3.33861E-19,4.2856E+18
596.0,1.4745E+00,3.33301E-19,4.4239E+18
597.0,1.4788E+00,3.32743E-19,4.4443E+18
598.0,1.4607E+00,3.32186E-19,4.3972E+18
599.0,1.4606E+00,3.31632E-19,4.4043E+18
600.0,1.4753E+00,3.31079E-19,4.4560E+18
601.0,1.4579E+00,3.30528E-19,4.4108E+18
602.0,1.4360E+00,3.29979E-19,4.3518E+18
603.0,1.4664E+00,3.29432E-19,4.4513E+18
604.0,1.4921E+00,3.28887E-19,4.5368E+18
605.0,1.4895E+00,3.28343E-19,4.5364E+18
606.0,1.4822E+00,3.27801E-19,4.5216E+18
607.0,1.4911E+00,3.27261E-19,4.5563E+18
608.0,1.4862E+00,3.26723E-19,4.5488E+18
609.0,1.4749E+00,3.26186E-19,4.5216E+18
610.0,1.4686E+00,3.25652E-19,4.5097E+18
611.0,1.4611E+00,3.25119E-19,4.4941E+18
612.0,1.4831E+00,3.24587E-19,4.5692E+18
613.0,1.4621E+00,3.24058E-19,4.5118E+18
614.0,1.4176E+00,3.2353E-19,4.3817E+18
615.0,1.4697E+00,3.23004E-19,4.5501E+18
616.0,1.4310E+00,3.2248E-19,4.4375E+18
617.0,1.4128E+00,3.21957E-19,4.3882E+18
618.0,1.4664E+00,3.21436E-19,4.5620E+18
619.0,1.4733E+00,3.20917E-19,4.5909E+18
620.0,1.4739E+00,3.20399E-19,4.6002E+18
621.0,1.4802E+00,3.19883E-19,4.6273E+18
622.0,1.4269E+00,3.19369E-19,4.4679E+18
623.0,1.4165E+00,3.18856E-19,4.4424E+18
624.0,1.4118E+00,3.18345E-19,4.4348E+18
625.0,1.4026E+00,3.17836E-19,4.4130E+18
626.0,1.4012E+00,3.17328E-19,4.4156E+18
627.0,1.4417E+00,3.16822E-19,4.5505E+18
628.0,1.3631E+00,3.16318E-19,4.3093E+18
629.0,1.4114E+00,3.15815E-19,4.4691E+18
630.0,1.3924E+00,3.15313E-19,4.4159E+18
631.0,1.4161E+00,3.14814E-19,4.4982E+18
632.0,1.3638E+00,3.14316E-19,4.3390E+18
633.0,1.4508E+00,3.13819E-19,4.6230E+18
634.0,1.4284E+00,3.13324E-19,4.5589E+18
635.0,1.4458E+00,3.12831E-19,4.6217E+18
636.0,1.4128E+00,3.12339E-19,4.5233E+18
637.0,1.4610E+00,3.11848E-19,4.6850E+18
638.0,1.4707E+00,3.1136E-19,4.7235E+18
639.0,1.4646E+00,3.10872E-19,4.7113E+18
640.0,1.4340E+00,3.10387E-19,4.6200E+18
641.0,1.4348E+00,3.09902E-19,4.6298E+18
642.0,1.4376E+00,3.0942E-19,4.6461E+18
643.0,1.4525E+00,3.08939E-19,4.7016E+18
644.0,1.4462E+00,3.08459E-19,4.6885E+18
645.0,1.4567E+00,3.07981E-19,4.7298E+18
646.0,1.4150E+00,3.07504E-19,4.6016E+18
647.0,1.4086E+00,3.07029E-19,4.5878E+18
648.0,1.3952E+00,3.06555E-19,4.5512E+18
649.0,1.3519E+00,3.06082E-19,4.4168E+18
650.0,1.3594E+00,3.05612E-19,4.4481E+18
651.0,1.4447E+00,3.05142E-19,4.7345E+18
652.0,1.3871E+00,3.04674E-19,4.5527E+18
653.0,1.4311E+00,3.04207E-19,4.7044E+18
654.0,1.4153E+00,3.03742E-19,4.6595E+18
655.0,1.3499E+00,3.03279E-19,4.4510E+18
656.0,1.1851E+00,3.02816E-19,3.9136E+18
657.0,1.2393E+00,3.02355E-19,4.0988E+18
658.0,1.3855E+00,3.01896E-19,4.5893E+18
659.0,1.3905E+00,3.01438E-19,4.6129E+18
660.0,1.3992E+00,3.00981E-19,4.6488E+18
661.0,1.3933E+00,3.00526E-19,4.6362E+18
662.0,1.3819E+00,3.00072E-19,4.6052E+18
663.0,1.3844E+00,2.99619E-19,4.6205E+18
664.0,1.3967E+00,2.99168E-19,4.6686E+18
665.0,1.4214E+00,2.98718E-19,4.7583E+18
666.0,1.4203E+00,2.98269E-19,4.7618E+18
667.0,1.4102E+00,2.97822E-19,4.7350E+18
668.0,1.4150E+00,2.97376E-19,4.7583E+18
669.0,1.4394E+00,2.96932E-19,4.8476E+18
670.0,1.4196E+00,2.96489E-19,4.7880E+18
671.0,1.4169E+00,2.96047E-19,4.7861E+18
672.0,1.3972E+00,2.95606E-19,4.7266E+18
673.0,1.4094E+00,2.95167E-19,4.7749E+18
674.0,1.4074E+00,2.94729E-19,4.7752E+18
675.0,1.3958E+00,2.94293E-19,4.7429E+18
676.0,1.4120E+00,2.93857E-19,4.8051E+18
677.0,1.3991E+00,2.93423E-19,4.7682E+18
678.0,1.4066E+00,2.9299E-19,4.8008E+18
679.0,1.3947E+00,2.92559E-19,4.7672E+18
680.0,1.3969E+00,2.92129E-19,4.7818E+18
681.0,1.3915E+00,2.917E-19,4.7703E+18
682.0,1.3981E+00,2.91272E-19,4.8000E+18
683.0,1.3830E+00,2.90846E-19,4.7551E+18
684.0,1.3739E+00,2.9042E-19,4.7307E+18
685.0,1.3748E+00,2.89996E-19,4.7407E+18
686.0,1.3438E+00,2.89574E-19,4.6406E+18
687.0,9.6824E-01,2.89152E-19,3.3485E+18
688.0,1.1206E+00,2.88732E-19,3.8811E+18
689.0,1.1278E+00,2.88313E-19,3.9117E+18
690.0,1.1821E+00,2.87895E-19,4.1060E+18
691.0,1.2333E+00,2.87478E-19,4.2901E+18
692.0,1.2689E+00,2.87063E-19,4.4203E+18
693.0,1.2609E+00,2.86649E-19,4.3988E+18
694.0,1.2464E+00,2.86236E-19,4.3545E+18
695.0,1.2714E+00,2.85824E-19,4.4482E+18
696.0,1.2684E+00,2.85413E-19,4.4441E+18
697.0,1.3403E+00,2.85004E-19,4.7027E+18
698.0,1.3192E+00,2.84595E-19,4.6354E+18
699.0,1.2918E+00,2.84188E-19,4.5456E+18
700.0,1.2823E+00,2.83782E-19,4.5186E+18
701.0,1.2659E+00,2.83377E-19,4.4672E+18
702.0,1.2674E+00,2.82974E-19,4.4789E+18
703.0,1.2747E+00,2.82571E-19,4.5111E+18
704.0,1.3078E+00,2.8217E-19,4.6348E+18
705.0,1.3214E+00,2.81769E-19,4.6896E+18
706.0,1.3144E+00,2.8137E-19,4.6714E+18
707.0,1.3090E+00,2.80972E-19,4.6588E+18
708.0,1.3048E+00,2.80576E-19,4.6504E+18
709.0,1.3095E+00,2.8018E-19,4.6738E+18
710.0,1.3175E+00,2.79785E-19,4.7090E+18
711.0,1.3155E+00,2.79392E-19,4.7084E+18
712.0,1.3071E+00,2.78999E-19,4.6850E+18
713.0,1.2918E+00,2.78608E-19,4.6366E+18
714.0,1.3029E+00,2.78218E-19,4.6830E+18
715.0,1.2587E+00,2.77829E-19,4.5305E+18
716.0,1.2716E+00,2.77441E-19,4.5833E+18
717.0,1.1071E+00,2.77054E-19,3.9960E+18
718.0,1.0296E+00,2.76668E-19,3.7214E+18
719.0,9.2318E-01,2.76283E-19,3.3414E+18
720.0,9.8550E-01,2.75899E-19,3.5720E+18
721.0,1.0861E+00,2.75517E-19,3.9420E+18
722.0,1.2407E+00,2.75135E-19,4.5094E+18
723.0,1.1444E+00,2.74754E-19,4.1652E+18
724.0,1.0555E+00,2.74375E-19,3.8469E+18
725.0,1.0380E+00,2.73997E-19,3.7884E+18
726.0,1.0813E+00,2.73619E-19,3.9518E+18
727.0,1.0850E+00,2.73243E-19,3.9708E+18
728.0,1.0400E+00,2.72867E-19,3.8114E+18
729.0,1.0466E+00,2.72493E-19,3.8408E+18
730.0,1.1285E+00,2.7212E-19,4.1471E+18
731.0,1.0703E+00,2.71748E-19,3.9386E+18
732.0,1.1534E+00,2.71376E-19,4.2502E+18
733.0,1.1962E+00,2.71006E-19,4.4139E+18
734.0,1.2357E+00,2.70637E-19,4.5659E+18
735.0,1.2178E+00,2.70269E-19,4.5059E+18
736.0,1.2059E+00,2.69901E-19,4.4679E+18
737.0,1.2039E+00,2.69535E-19,4.4666E+18
738.0,1.2269E+00,2.6917E-19,4.5581E+18
739.0,1.1905E+00,2.68806E-19,4.4288E+18
740.0,1.2195E+00,2.68443E-19,4.5429E+18
741.0,1.2148E+00,2.6808E-19,4.5315E+18
742.0,1.2153E+00,2.67719E-19,4.5395E+18
743.0,1.2405E+00,2.67359E-19,4.6398E+18
744.0,1.2503E+00,2.66999E-19,4.6828E+18
745.0,1.2497E+00,2.66641E-19,4.6868E+18
746.0,1.2470E+00,2.66283E-19,4.6830E+18
747.0,1.2477E+00,2.65927E-19,4.6919E+18
748.0,1.2401E+00,2.65571E-19,4.6696E+18
749.0,1.2357E+00,2.65217E-19,4.6592E+18
750.0,1.2341E+00,2.64863E-19,4.6594E+18
751.0,1.2286E+00,2.64511E-19,4.6448E+18
752.0,1.2330E+00,2.64159E-19,4.6676E+18
753.0,1.2266E+00,2.63808E-19,4.6496E+18
754.0,1.2420E+00,2.63458E-19,4.7142E+18
755.0,1.2383E+00,2.63109E-19,4.7064E+18
756.0,1.2232E+00,2.62761E-19,4.6552E+18
757.0,1.2221E+00,2.62414E-19,4.6571E+18
758.0,1.2295E+00,2.62068E-19,4.6915E+18
759.0,1.1945E+00,2.61723E-19,4.5640E+18
760.0,2.6604E-01,2.61378E-19,1.0178E+18
761.0,1.5396E-01,2.61035E-19,5.8981E+17
762.0,6.8766E-01,2.60692E-19,2.6378E+18
763.0,3.7952E-01,2.60351E-19,1.4577E+18
764.0,5.3878E-01,2.6001E-19,2.0722E+18
765.0,6.8601E-01,2.5967E-19,2.6419E+18
766.0,8.1461E-01,2.59331E-19,3.1412E+18
767.0,9.7417E-01,2.58993E-19,3.7614E+18
768.0,1.1138E+00,2.58656E-19,4.3061E+18
769.0,1.1278E+00,2.58319E-19,4.3659E+18
770.0,1.1608E+00,2.57984E-19,4.4995E+18
771.0,1.1686E+00,2.57649E-19,4.5356E+18
772.0,1.1778E+00,2.57315E-19,4.5773E+18
773.0,1.1771E+00,2.56983E-19,4.5805E+18
774.0,1.1771E+00,2.5665E-19,4.5864E+18
775.0,1.1771E+00,2.56319E-19,4.5923E+18
776.0,1.1798E+00,2.55989E-19,4.6088E+18
777.0,1.1727E+00,2.5566E-19,4.5870E+18
778.0,1.1713E+00,2.55331E-19,4.5874E+18
779.0,1.1765E+00,2.55003E-19,4.6137E+18
780.0,1.1636E+00,2.54676E-19,4.5689E+18
781.0,1.1607E+00,2.5435E-19,4.5634E+18
782.0,1.1662E+00,2.54025E-19,4.5909E+18
783.0,1.1614E+00,2.537E-19,4.5778E+18
784.0,1.1536E+00,2.53377E-19,4.5529E+18
785.0,1.1586E+00,2.53054E-19,4.5785E+18
786.0,1.1592E+00,2.52732E-19,4.5867E+18
787.0,1.1450E+00,2.52411E-19,4.5363E+18
788.0,1.1305E+00,2.52091E-19,4.4845E+18
789.0,1.1257E+00,2.51771E-19,4.4711E+18
790.0,1.0910E+00,2.51453E-19,4.3388E+18
791.0,1.1058E+00,2.51135E-19,4.4032E+18
792.0,1.0953E+00,2.50818E-19,4.3669E+18
793.0,1.0875E+00,2.50501E-19,4.3413E+18
794.0,1.0972E+00,2.50186E-19,4.3855E+18
795.0,1.0932E+00,2.49871E-19,4.3751E+18
796.0,1.0742E+00,2.49557E-19,4.3044E+18
797.0,1.0913E+00,2.49244E-19,4.3784E+18
798.0,1.1121E+00,2.48932E-19,4.4675E+18
799.0,1.0905E+00,2.4862E-19,4.3862E+18
800.0,1.0725E+00,2.48309E-19,4.3192E+18
801.0,1.0843E+00,2.47999E-19,4.3722E+18
802.0,1.0856E+00,2.4769E-19,4.3829E+18
803.0,1.0657E+00,2.47382E-19,4.3079E+18
804.0,1.0782E+00,2.47074E-19,4.3639E+18
805.0,1.0545E+00,2.46767E-19,4.2733E+18
806.0,1.0974E+00,2.46461E-19,4.4526E+18
807.0,1.0859E+00,2.46155E-19,4.4114E+18
808.0,1.0821E+00,2.45851E-19,4.4014E+18
809.0,1.0548E+00,2.45547E-19,4.2957E+18
810.0,1.0559E+00,2.45244E-19,4.3055E+18
811.0,1.0533E+00,2.44941E-19,4.3002E+18
812.0,1.0268E+00,2.4464E-19,4.1972E+18
813.0,1.0086E+00,2.44339E-19,4.1279E+18
814.0,9.0356E-01,2.44039E-19,3.7025E+18
815.0,8.9523E-01,2.43739E-19,3.6729E+18
816.0,8.3216E-01,2.43441E-19,3.4183E+18
817.0,8.5183E-01,2.43143E-19,3.5034E+18
818.0,8.2259E-01,2.42845E-19,3.3873E+18
819.0,9.0519E-01,2.42549E-19,3.7320E+18
820.0,8.6188E-01,2.42253E-19,3.5578E+18
821.0,9.9764E-01,2.41958E-19,4.1232E+18
822.0,9.5157E-01,2.41664E-19,3.9376E+18
823.0,6.7271E-01,2.4137E-19,2.7870E+18
824.0,9.3506E-01,2.41077E-19,3.8787E+18
825.0,9.6935E-01,2.40785E-19,4.0258E+18
826.0,9.3381E-01,2.40493E-19,3.8829E+18
827.0,9.8465E-01,2.40203E-19,4.0992E+18
828.0,8.4979E-01,2.39912E-19,3.5421E+18
829.0,9.2930E-01,2.39623E-19,3.8782E+18
830.0,9.1601E-01,2.39334E-19,3.8273E+18
831.0,9.2392E-01,2.39046E-19,3.8650E+18
832.0,8.9426E-01,2.38759E-19,3.7455E+18
833.0,9.5650E-01,2.38472E-19,4.0109E+18
834.0,9.3412E-01,2.38186E-19,3.9218E+18
835.0,1.0032E+00,2.37901E-19,4.2169E+18
836.0,9.7234E-01,2.37617E-19,4.0921E+18
837.0,1.0092E+00,2.37333E-19,4.2523E+18
838.0,9.9901E-01,2.37049E-19,4.2144E+18
839.0,1.0013E+00,2.36767E-19,4.2291E+18
840.0,1.0157E+00,2.36485E-19,4.2950E+18
841.0,1.0101E+00,2.36204E-19,4.2764E+18
842.0,9.9703E-01,2.35923E-19,4.2261E+18
843.0,1.0053E+00,2.35644E-19,4.2662E+18
844.0,9.8631E-01,2.35364E-19,4.1906E+18
845.0,1.0165E+00,2.35086E-19,4.3240E+18
846.0,1.0187E+00,2.34808E-19,4.3384E+18
847.0,9.9170E-01,2.34531E-19,4.2284E+18
848.0,9.9217E-01,2.34254E-19,4.2354E+18
849.0,9.8596E-01,2.33978E-19,4.2139E+18
850.0,8.9372E-01,2.33703E-19,3.8242E+18
851.0,9.7493E-01,2.33428E-19,4.1766E+18
852.0,9.6927E-01,2.33154E-19,4.1572E+18
853.0,9.6486E-01,2.32881E-19,4.1431E+18
854.0,8.5112E-01,2.32608E-19,3.6590E+18
855.0,9.1300E-01,2.32336E-19,3.9296E+18
856.0,9.7317E-01,2.32065E-19,4.1935E+18
857.0,9.9166E-01,2.31794E-19,4.2782E+18
858.0,9.9196E-01,2.31524E-19,4.2845E+18
859.0,9.9171E-01,2.31254E-19,4.2884E+18
860.0,9.8816E-01,2.30985E-19,4.2780E+18
861.0,9.8679E-01,2.30717E-19,4.2771E+18
862.0,9.9449E-01,2.3045E-19,4.3154E+18
863.0,1.0005E+00,2.30182E-19,4.3466E+18
864.0,9.7916E-01,2.29916E-19,4.2588E+18
865.0,9.6324E-01,2.2965E-19,4.1944E+18
866.0,8.4900E-01,2.29385E-19,3.7012E+18
867.0,9.1546E-01,2.29121E-19,3.9955E+18
868.0,9.5920E-01,2.28857E-19,4.1913E+18
869.0,9.4956E-01,2.28593E-19,4.1539E+18
870.0,9.6755E-01,2.2833E-19,4.2375E+18
871.0,9.5387E-01,2.28068E-19,4.1824E+18
872.0,9.6686E-01,2.27807E-19,4.2442E+18
873.0,9.5721E-01,2.27546E-19,4.2067E+18
874.0,9.4042E-01,2.27285E-19,4.1376E+18
875.0,9.2687E-01,2.27026E-19,4.0827E+18
876.0,9.5277E-01,2.26767E-19,4.2015E+18
877.0,9.5615E-01,2.26508E-19,4.2213E+18
878.0,9.5237E-01,2.2625E-19,4.2094E+18
879.0,9.3656E-01,2.25993E-19,4.1442E+18
880.0,9.3957E-01,2.25736E-19,4.1623E+18
881.0,9.0861E-01,2.2548E-19,4.0297E+18
882.0,9.3245E-01,2.25224E-19,4.1401E+18
883.0,9.2927E-01,2.24969E-19,4.1307E+18
884.0,9.3305E-01,2.24714E-19,4.1522E+18
885.0,9.4423E-01,2.2446E-19,4.2067E+18
886.0,9.0752E-01,2.24207E-19,4.0477E+18
887.0,9.1062E-01,2.23954E-19,4.0661E+18
888.0,9.2228E-01,2.23702E-19,4.1228E+18
889.0,9.3455E-01,2.2345E-19,4.1824E+18
890.0,9.2393E-01,2.23199E-19,4.1395E+18
891.0,9.2584E-01,2.22949E-19,4.1527E+18
892.0,9.0881E-01,2.22699E-19,4.0809E+18
893.0,8.7327E-01,2.2245E-19,3.9257E+18
894.0,8.5130E-01,2.22201E-19,3.8312E+18
895.0,8.1357E-01,2.21952E-19,3.6655E+18
896.0,7.6253E-01,2.21705E-19,3.4394E+18
897.0,6.6566E-01,2.21458E-19,3.0058E+18
898.0,7.1780E-01,2.21211E-19,3.2449E+18
899.0,5.4871E-01,2.20965E-19,2.4832E+18
900.0,7.4260E-01,2.20719E-19,3.3645E+18
901.0,5.9933E-01,2.20474E-19,2.7184E+18
902.0,6.6791E-01,2.2023E-19,3.0328E+18
903.0,6.8889E-01,2.19986E-19,3.1315E+18
904.0,8.4457E-01,2.19743E-19,3.8434E+18
905.0,8.1709E-01,2.195E-19,3.7225E+18
906.0,7.7558E-01,2.19258E-19,3.5373E+18
907.0,6.3854E-01,2.19016E-19,2.9155E+18
908.0,6.5217E-01,2.18775E-19,2.9810E+18
909.0,7.0431E-01,2.18534E-19,3.2229E+18
910.0,6.2467E-01,2.18294E-19,2.8616E+18
911.0,6.6808E-01,2.18054E-19,3.0638E+18
912.0,6.8893E-01,2.17815E-19,3.1629E+18
913.0,6.2834E-01,2.17577E-19,2.8879E+18
914.0,6.2649E-01,2.17339E-19,2.8826E+18
915.0,6.7836E-01,2.17101E-19,3.1246E+18
916.0,5.7646E-01,2.16864E-19,2.6582E+18
917.0,7.3017E-01,2.16628E-19,3.3706E+18
918.0,5.9271E-01,2.16392E-19,2.7391E+18
919.0,7.3877E-01,2.16156E-19,3.4178E+18
920.0,7.4414E-01,2.15921E-19,3.4464E+18
921.0,7.8049E-01,2.15687E-19,3.6186E+18
922.0,7.0026E-01,2.15453E-19,3.2502E+18
923.0,7.4504E-01,2.15219E-19,3.4618E+18
924.0,7.2150E-01,2.14986E-19,3.3560E+18
925.0,7.1110E-01,2.14754E-19,3.3112E+18
926.0,7.0331E-01,2.14522E-19,3.2785E+18
927.0,7.8742E-01,2.14291E-19,3.6745E+18
928.0,5.8968E-01,2.1406E-19,2.7547E+18
929.0,5.5127E-01,2.13829E-19,2.5781E+18
930.0,4.3210E-01,2.13599E-19,2.0229E+18
931.0,4.0921E-01,2.1337E-19,1.9178E+18
932.0,3.0086E-01,2.13141E-19,1.4116E+18
933.0,2.4841E-01,2.12913E-19,1.1667E+18
934.0,1.4380E-01,2.12685E-19,6.7612E+17
935.0,2.5084E-01,2.12457E-19,1.1807E+18
936.0,1.6142E-01,2.1223E-19,7.6059E+17
937.0,1.6338E-01,2.12004E-19,7.7065E+17
938.0,2.0058E-01,2.11778E-19,9.4713E+17
939.0,3.9887E-01,2.11552E-19,1.8854E+18
940.0,4.7181E-01,2.11327E-19,2.2326E+18
941.0,3.7195E-01,2.11103E-19,1.7619E+18
942.0,4.0532E-01,2.10878E-19,1.9221E+18
943.0,2.7834E-01,2.10655E-19,1.3213E+18
944.0,2.8579E-01,2.10432E-19,1.3581E+18
945.0,3.6821E-01,2.10209E-19,1.7516E+18
946.0,1.9461E-01,2.09987E-19,9.2677E+17
947.0,3.7112E-01,2.09765E-19,1.7692E+18
948.0,2.7423E-01,2.09544E-19,1.3087E+18
949.0,4.9396E-01,2.09323E-19,2.3598E+18
950.0,1.4726E-01,2.09103E-19,7.0425E+17
951.0,4.8378E-01,2.08883E-19,2.3160E+18
952.0,2.6891E-01,2.08663E-19,1.2887E+18
953.0,3.4362E-01,2.08444E-19,1.6485E+18
954.0,4.2411E-01,2.08226E-19,2.0368E+18
955.0,3.4117E-01,2.08008E-19,1.6402E+18
956.0,3.2821E-01,2.0779E-19,1.5795E+18
957.0,2.7067E-01,2.07573E-19,1.3040E+18
958.0,4.6101E-01,2.07356E-19,2.2233E+18
959.0,3.7385E-01,2.0714E-19,1.8048E+18
960.0,4.2066E-01,2.06924E-19,2.0329E+18
961.0,4.6120E-01,2.06709E-19,2.2312E+18
962.0,4.4174E-01,2.06494E-19,2.1392E+18
963.0,5.0503E-01,2.0628E-19,2.4483E+18
964.0,4.5860E-01,2.06066E-19,2.2255E+18
965.0,5.0374E-01,2.05852E-19,2.4471E+18
966.0,5.0275E-01,2.05639E-19,2.4448E+18
967.0,5.0240E-01,2.05427E-19,2.4456E+18
968.0,6.5210E-01,2.05214E-19,3.1777E+18
969.0,6.8622E-01,2.05003E-19,3.3474E+18
970.0,6.3461E-01,2.04791E-19,3.0988E+18
971.0,7.1397E-01,2.0458E-19,3.4899E+18
972.0,6.8765E-01,2.0437E-19,3.3647E+18
973.0,6.0648E-01,2.0416E-19,2.9706E+18
974.0,5.7529E-01,2.0395E-19,2.8207E+18
975.0,5.8987E-01,2.03741E-19,2.8952E+18
976.0,5.7191E-01,2.03532E-19,2.8099E+18
977.0,6.3864E-01,2.03324E-19,3.1410E+18
978.0,6.1509E-01,2.03116E-19,3.0283E+18
979.0,6.3815E-01,2.02909E-19,3.1450E+18
980.0,6.0468E-01,2.02702E-19,2.9831E+18
981.0,7.1338E-01,2.02495E-19,3.5230E+18
982.0,6.9218E-01,2.02289E-19,3.4217E+18
983.0,6.6865E-01,2.02083E-19,3.3088E+18
984.0,7.3732E-01,2.01878E-19,3.6523E+18
985.0,6.8817E-01,2.01673E-19,3.4123E+18
986.0,7.5083E-01,2.01468E-19,3.7268E+18
987.0,7.3928E-01,2.01264E-19,3.6732E+18
988.0,7.3462E-01,2.0106E-19,3.6537E+18
989.0,7.4906E-01,2.00857E-19,3.7293E+18
990.0,7.3227E-01,2.00654E-19,3.6494E+18
991.0,7.5358E-01,2.00452E-19,3.7594E+18
992.0,7.5102E-01,2.00249E-19,3.7504E+18
993.0,7.3728E-01,2.00048E-19,3.6855E+18
994.0,7.5410E-01,1.99847E-19,3.7734E+18
995.0,7.5176E-01,1.99646E-19,3.7655E+18
996.0,7.4884E-01,1.99445E-19,3.7546E+18
997.0,7.3971E-01,1.99245E-19,3.7126E+18
998.0,7.3887E-01,1.99046E-19,3.7121E+18
999.0,7.3857E-01,1.98846E-19,3.7143E+18
1000.0,7.3532E-01,1.98647E-19,3.7016E+18
1001.0,7.4442E-01,1.98449E-19,3.7512E+18
1002.0,7.2805E-01,1.98251E-19,3.6724E+18
1003.0,7.3442E-01,1.98053E-19,3.7082E+18
1004.0,7.2336E-01,1.97856E-19,3.6560E+18
1005.0,6.8174E-01,1.97659E-19,3.4491E+18
1006.0,7.1252E-01,1.97463E-19,3.6084E+18
1007.0,7.2753E-01,1.97267E-19,3.6881E+18
1008.0,7.2685E-01,1.97071E-19,3.6883E+18
1009.0,7.1972E-01,1.96876E-19,3.6557E+18
1010.0,7.1914E-01,1.96681E-19,3.6564E+18
1011.0,7.2278E-01,1.96486E-19,3.6785E+18
1012.0,7.1877E-01,1.96292E-19,3.6617E+18
1013.0,7.1761E-01,1.96098E-19,3.6594E+18
1014.0,7.2068E-01,1.95905E-19,3.6787E+18
1015.0,7.0817E-01,1.95712E-19,3.6184E+18
1016.0,7.1129E-01,1.95519E-19,3.6380E+18
1017.0,7.0337E-01,1.95327E-19,3.6010E+18
1018.0,7.1422E-01,1.95135E-19,3.6601E+18
1019.0,6.8878E-01,1.94944E-19,3.5332E+18
1020.0,6.9896E-01,1.94752E-19,3.5890E+18
1021.0,7.0175E-01,1.94562E-19,3.6068E+18
1022.0,6.8970E-01,1.94371E-19,3.5484E+18
1023.0,6.9508E-01,1.94181E-19,3.5795E+18
1024.0,6.9058E-01,1.93992E-19,3.5598E+18
1025.0,6.9753E-01,1.93802E-19,3.5992E+18
1026.0,6.9636E-01,1.93614E-19,3.5966E+18
1027.0,6.9305E-01,1.93425E-19,3.5830E+18
1028.0,6.9385E-01,1.93237E-19,3.5907E+18
1029.0,6.8628E-01,1.93049E-19,3.5550E+18
1030.0,6.9055E-01,1.92862E-19,3.5805E+18
1031.0,6.8736E-01,1.92675E-19,3.5675E+18
1032.0,6.8787E-01,1.92488E-19,3.5736E+18
1033.0,6.7613E-01,1.92302E-19,3.5160E+18
1034.0,6.8015E-01,1.92116E-19,3.5403E+18
1035.0,6.8234E-01,1.9193E-19,3.5552E+18
1036.0,6.8202E-01,1.91745E-19,3.5569E+18
1037.0,6.7497E-01,1.9156E-19,3.5235E+18
1038.0,6.7172E-01,1.91375E-19,3.5100E+18
1039.0,6.7636E-01,1.91191E-19,3.5376E+18
1040.0,6.7170E-01,1.91007E-19,3.5166E+18
1041.0,6.7176E-01,1.90824E-19,3.5203E+18
1042.0,6.7200E-01,1.90641E-19,3.5250E+18
1043.0,6.6525E-01,1.90458E-19,3.4929E+18
1044.0,6.6833E-01,1.90275E-19,3.5124E+18
1045.0,6.6452E-01,1.90093E-19,3.4958E+18
1046.0,6.4714E-01,1.89912E-19,3.4076E+18
1047.0,6.5694E-01,1.8973E-19,3.4625E+18
1048.0,6.6274E-01,1.89549E-19,3.4964E+18
1049.0,6.5896E-01,1.89368E-19,3.4798E+18
1050.0,6.5463E-01,1.89188E-19,3.4602E+18
1051.0,6.5521E-01,1.89008E-19,3.4666E+18
1052.0,6.5118E-01,1.88828E-19,3.4485E+18
1053.0,6.4919E-01,1.88649E-19,3.4413E+18
1054.0,6.4646E-01,1.8847E-19,3.4300E+18
1055.0,6.4847E-01,1.88291E-19,3.4440E+18
1056.0,6.4641E-01,1.88113E-19,3.4363E+18
1057.0,6.4482E-01,1.87935E-19,3.4311E+18
1058.0,6.3818E-01,1.87758E-19,3.3990E+18
1059.0,6.1875E-01,1.8758E-19,3.2986E+18
1060.0,6.3585E-01,1.87403E-19,3.3930E+18
1061.0,6.2121E-01,1.87227E-19,3.3180E+18
1062.0,6.3266E-01,1.8705E-19,3.3823E+18
1063.0,6.2239E-01,1.86874E-19,3.3305E+18
1064.0,6.3196E-01,1.86699E-19,3.3849E+18
1065.0,6.2913E-01,1.86523E-19,3.3729E+18
1066.0,6.1713E-01,1.86348E-19,3.3117E+18
1067.0,6.2032E-01,1.86174E-19,3.3319E+18
1068.0,6.1944E-01,1.86E-19,3.3303E+18
1069.0,5.8626E-01,1.85826E-19,3.1549E+18
1070.0,6.0469E-01,1.85652E-19,3.2571E+18
1071.0,6.1661E-01,1.85479E-19,3.3244E+18
1072.0,6.1536E-01,1.85305E-19,3.3208E+18
1073.0,6.0363E-01,1.85133E-19,3.2605E+18
1074.0,6.2158E-01,1.8496E-19,3.3606E+18
1075.0,5.9252E-01,1.84788E-19,3.2065E+18
1076.0,6.1471E-01,1.84617E-19,3.3297E+18
1077.0,6.0434E-01,1.84445E-19,3.2765E+18
1078.0,6.0321E-01,1.84274E-19,3.2734E+18
1079.0,6.0474E-01,1.84103E-19,3.2848E+18
1080.0,5.9722E-01,1.83933E-19,3.2469E+18
1081.0,5.8083E-01,1.83763E-19,3.1608E+18
1082.0,5.8940E-01,1.83593E-19,3.2104E+18
1083.0,5.9814E-01,1.83423E-19,3.2610E+18
1084.0,5.7852E-01,1.83254E-19,3.1569E+18
1085.0,5.9330E-01,1.83085E-19,3.2406E+18
1086.0,5.5410E-01,1.82917E-19,3.0292E+18
1087.0,5.6697E-01,1.82748E-19,3.1025E+18
1088.0,5.9317E-01,1.8258E-19,3.2488E+18
1089.0,5.7919E-01,1.82413E-19,3.1752E+18
1090.0,5.5573E-01,1.82245E-19,3.0494E+18
1091.0,5.8835E-01,1.82078E-19,3.2313E+18
1092.0,5.8124E-01,1.81912E-19,3.1952E+18
1093.0,5.1058E-01,1.81745E-19,2.8093E+18
1094.0,5.3965E-01,1.81579E-19,2.9720E+18
1095.0,5.2067E-01,1.81413E-19,2.8701E+18
1096.0,5.0323E-01,1.81248E-19,2.7765E+18
1097.0,5.7852E-01,1.81082E-19,3.1948E+18
1098.0,5.0291E-01,1.80918E-19,2.7798E+18
1099.0,5.0772E-01,1.80753E-19,2.8089E+18
1100.0,4.8577E-01,1.80589E-19,2.6899E+18
1101.0,4.9696E-01,1.80425E-19,2.7544E+18
1102.0,4.6883E-01,1.80261E-19,2.6008E+18
1103.0,4.6637E-01,1.80097E-19,2.5895E+18
1104.0,4.6765E-01,1.79934E-19,2.5990E+18
1105.0,5.0644E-01,1.79771E-19,2.8171E+18
1106.0,3.9792E-01,1.79609E-19,2.2155E+18
1107.0,4.8304E-01,1.79447E-19,2.6918E+18
1108.0,4.1565E-01,1.79285E-19,2.3184E+18
1109.0,4.1278E-01,1.79123E-19,2.3044E+18
1110.0,4.7899E-01,1.78962E-19,2.6765E+18
1111.0,3.3154E-01,1.78801E-19,1.8542E+18
1112.0,4.1357E-01,1.7864E-19,2.3151E+18
1113.0,2.6850E-01,1.78479E-19,1.5044E+18
1114.0,2.9985E-01,1.78319E-19,1.6815E+18
1115.0,2.4987E-01,1.78159E-19,1.4025E+18
1116.0,2.0136E-01,1.78E-19,1.1312E+18
1117.0,7.9618E-02,1.7784E-19,4.4769E+17
1118.0,2.1753E-01,1.77681E-19,1.2243E+18
1119.0,1.1317E-01,1.77522E-19,6.3750E+17
1120.0,1.4189E-01,1.77364E-19,7.9999E+17
1121.0,1.8586E-01,1.77206E-19,1.0488E+18
1122.0,8.1686E-02,1.77048E-19,4.6138E+17
1123.0,1.2817E-01,1.7689E-19,7.2457E+17
1124.0,1.0870E-01,1.76733E-19,6.1505E+17
1125.0,1.4428E-01,1.76576E-19,8.1710E+17
1126.0,5.1589E-02,1.76419E-19,2.9242E+17
1127.0,1.5725E-01,1.76262E-19,8.9214E+17
1128.0,9.9224E-02,1.76106E-19,5.6343E+17
1129.0,1.0591E-01,1.7595E-19,6.0193E+17
1130.0,7.0574E-02,1.75794E-19,4.0146E+17
1131.0,2.9560E-01,1.75639E-19,1.6830E+18
1132.0,2.3411E-01,1.75484E-19,1.3341E+18
1133.0,1.5331E-01,1.75329E-19,8.7441E+17
1134.0,4.1740E-02,1.75174E-19,2.3828E+17
1135.0,1.5462E-02,1.7502E-19,8.8344E+16
1136.0,1.2876E-01,1.74866E-19,7.3634E+17
1137.0,2.8785E-01,1.74712E-19,1.6476E+18
1138.0,2.0329E-01,1.74558E-19,1.1646E+18
1139.0,2.9850E-01,1.74405E-19,1.7115E+18
1140.0,2.5599E-01,1.74252E-19,1.4691E+18
1141.0,1.9337E-01,1.74099E-19,1.1107E+18
1142.0,2.2479E-01,1.73947E-19,1.2923E+18
1143.0,3.1183E-01,1.73795E-19,1.7942E+18
1144.0,1.1326E-01,1.73643E-19,6.5226E+17
1145.0,1.4604E-01,1.73491E-19,8.4177E+17
1146.0,1.5764E-01,1.7334E-19,9.0943E+17
1147.0,5.9176E-02,1.73189E-19,3.4169E+17
1148.0,2.7113E-01,1.73038E-19,1.5669E+18
1149.0,2.1854E-01,1.72887E-19,1.2641E+18
1150.0,1.2164E-01,1.72737E-19,7.0419E+17
1151.0,2.0340E-01,1.72587E-19,1.1785E+18
1152.0,2.4762E-01,1.72437E-19,1.4360E+18
1153.0,2.3812E-01,1.72287E-19,1.3821E+18
1154.0,1.4248E-01,1.72138E-19,8.2771E+17
1155.0,3.1316E-01,1.71989E-19,1.8208E+18
1156.0,2.8090E-01,1.7184E-19,1.6347E+18
1157.0,3.1458E-01,1.71692E-19,1.8322E+18
1158.0,3.1171E-01,1.71544E-19,1.8171E+18
1159.0,3.3693E-01,1.71396E-19,1.9658E+18
1160.0,2.8648E-01,1.71248E-19,1.6729E+18
1161.0,3.4753E-01,1.711E-19,2.0311E+18
1162.0,3.5002E-01,1.70953E-19,2.0475E+18
1163.0,4.6857E-01,1.70806E-19,2.7433E+18
1164.0,4.0188E-01,1.70659E-19,2.3549E+18
1165.0,3.8860E-01,1.70513E-19,2.2790E+18
1166.0,3.7494E-01,1.70367E-19,2.2008E+18
1167.0,4.0996E-01,1.70221E-19,2.4084E+18
1168.0,4.1954E-01,1.70075E-19,2.4668E+18
1169.0,4.2310E-01,1.69929E-19,2.4899E+18
1170.0,4.5873E-01,1.69784E-19,2.7018E+18
1171.0,4.4831E-01,1.69639E-19,2.6427E+18
1172.0,4.5483E-01,1.69494E-19,2.6835E+18
1173.0,4.5642E-01,1.6935E-19,2.6951E+18
1174.0,3.3692E-01,1.69206E-19,1.9912E+18
1175.0,4.5240E-01,1.69062E-19,2.6759E+18
1176.0,4.7679E-01,1.68918E-19,2.8226E+18
1177.0,4.7235E-01,1.68774E-19,2.7987E+18
1178.0,3.6000E-01,1.68631E-19,2.1348E+18
1179.0,4.8371E-01,1.68488E-19,2.8709E+18
1180.0,4.4069E-01,1.68345E-19,2.6178E+18
1181.0,4.5514E-01,1.68203E-19,2.7059E+18
1182.0,3.2318E-01,1.6806E-19,1.9230E+18
1183.0,4.3870E-01,1.67918E-19,2.6126E+18
1184.0,4.1985E-01,1.67777E-19,2.5024E+18
1185.0,4.0741E-01,1.67635E-19,2.4303E+18
1186.0,4.7715E-01,1.67494E-19,2.8488E+18
1187.0,4.5575E-01,1.67353E-19,2.7233E+18
1188.0,3.3504E-01,1.67212E-19,2.0037E+18
1189.0,4.1569E-01,1.67071E-19,2.4881E+18
1190.0,4.6239E-01,1.66931E-19,2.7700E+18
1191.0,4.4660E-01,1.6679E-19,2.6776E+18
1192.0,4.7336E-01,1.66651E-19,2.8404E+18
1193.0,4.5434E-01,1.66511E-19,2.7286E+18
1194.0,4.6890E-01,1.66371E-19,2.8184E+18
1195.0,4.4696E-01,1.66232E-19,2.6888E+18
1196.0,4.3131E-01,1.66093E-19,2.5968E+18
1197.0,4.7715E-01,1.65954E-19,2.8752E+18
1198.0,4.3392E-01,1.65816E-19,2.6169E+18
1199.0,3.6489E-01,1.65678E-19,2.2024E+18
1200.0,4.4825E-01,1.6554E-19,2.7078E+18
1201.0,4.3708E-01,1.65402E-19,2.6425E+18
1202.0,4.3717E-01,1.65264E-19,2.6453E+18
1203.0,4.3409E-01,1.65127E-19,2.6288E+18
1204.0,3.6247E-01,1.6499E-19,2.1969E+18
1205.0,4.3692E-01,1.64853E-19,2.6504E+18
1206.0,4.8086E-01,1.64716E-19,2.9193E+18
1207.0,4.2986E-01,1.6458E-19,2.6119E+18
1208.0,4.3346E-01,1.64443E-19,2.6359E+18
1209.0,4.1428E-01,1.64307E-19,2.5214E+18
1210.0,4.5336E-01,1.64171E-19,2.7615E+18
1211.0,4.2232E-01,1.64036E-19,2.5746E+18
1212.0,4.2489E-01,1.63901E-19,2.5924E+18
1213.0,4.6956E-01,1.63765E-19,2.8673E+18
1214.0,4.3407E-01,1.63631E-19,2.6527E+18
1215.0,4.2780E-01,1.63496E-19,2.6166E+18
1216.0,4.6640E-01,1.63361E-19,2.8550E+18
1217.0,4.5528E-01,1.63227E-19,2.7892E+18
1218.0,4.5934E-01,1.63093E-19,2.8164E+18
1219.0,4.4663E-01,1.62959E-19,2.7407E+18
1220.0,4.5805E-01,1.62826E-19,2.8131E+18
1221.0,4.6531E-01,1.62692E-19,2.8601E+18
1222.0,4.5139E-01,1.62559E-19,2.7768E+18
1223.0,4.4406E-01,1.62426E-19,2.7339E+18
1224.0,4.4808E-01,1.62294E-19,2.7609E+18
1225.0,4.6236E-01,1.62161E-19,2.8512E+18
1226.0,4.6819E-01,1.62029E-19,2.8895E+18
1227.0,4.3304E-01,1.61897E-19,2.6748E+18
1228.0,4.6658E-01,1.61765E-19,2.8843E+18
1229.0,4.6721E-01,1.61633E-19,2.8906E+18
1230.0,4.6003E-01,1.61502E-19,2.8484E+18
1231.0,4.7203E-01,1.61371E-19,2.9251E+18
1232.0,4.6633E-01,1.6124E-19,2.8922E+18
1233.0,4.5397E-01,1.61109E-19,2.8178E+18
1234.0,4.7016E-01,1.60979E-19,2.9206E+18
1235.0,4.6504E-01,1.60848E-19,2.8912E+18
1236.0,4.6908E-01,1.60718E-19,2.9187E+18
1237.0,4.6339E-01,1.60588E-19,2.8856E+18
1238.0,4.6797E-01,1.60458E-19,2.9165E+18
1239.0,4.6272E-01,1.60329E-19,2.8861E+18
1240.0,4.6077E-01,1.602E-19,2.8762E+18
1241.0,4.6197E-01,1.6007E-19,2.8860E+18
1242.0,4.6247E-01,1.59942E-19,2.8915E+18
1243.0,4.5754E-01,1.59813E-19,2.8630E+18
1244.0,4.5528E-01,1.59684E-19,2.8511E+18
1245.0,4.5655E-01,1.59556E-19,2.8614E+18
1246.0,4.5945E-01,1.59428E-19,2.8819E+18
1247.0,4.5746E-01,1.593E-19,2.8717E+18
1248.0,4.5860E-01,1.59173E-19,2.8811E+18
1249.0,4.5966E-01,1.59045E-19,2.8901E+18
1250.0,4.5705E-01,1.58918E-19,2.8760E+18
1251.0,4.5258E-01,1.58791E-19,2.8502E+18
1252.0,4.5097E-01,1.58664E-19,2.8423E+18
1253.0,4.4773E-01,1.58537E-19,2.8241E+18
1254.0,4.4363E-01,1.58411E-19,2.8005E+18
1255.0,4.5070E-01,1.58285E-19,2.8474E+18
1256.0,4.4023E-01,1.58159E-19,2.7835E+18
1257.0,4.3532E-01,1.58033E-19,2.7546E+18
1258.0,4.4496E-01,1.57907E-19,2.8179E+18
1259.0,4.2725E-01,1.57782E-19,2.7079E+18
1260.0,4.3110E-01,1.57657E-19,2.7344E+18
1261.0,4.1146E-01,1.57532E-19,2.6119E+18
1262.0,3.9567E-01,1.57407E-19,2.5137E+18
1263.0,4.0019E-01,1.57282E-19,2.5444E+18
1264.0,3.7148E-01,1.57158E-19,2.3637E+18
1265.0,3.9570E-01,1.57034E-19,2.5198E+18
1266.0,3.8527E-01,1.5691E-19,2.4554E+18
1267.0,3.8822E-01,1.56786E-19,2.4761E+18
1268.0,3.7051E-01,1.56662E-19,2.3650E+18
1269.0,2.4652E-01,1.56539E-19,1.5748E+18
1270.0,3.8744E-01,1.56415E-19,2.4770E+18
1271.0,4.0825E-01,1.56292E-19,2.6121E+18
1272.0,4.0879E-01,1.56169E-19,2.6176E+18
1273.0,4.0625E-01,1.56047E-19,2.6034E+18
1274.0,4.0614E-01,1.55924E-19,2.6047E+18
1275.0,4.1233E-01,1.55802E-19,2.6465E+18
1276.0,4.1693E-01,1.5568E-19,2.6781E+18
1277.0,4.2001E-01,1.55558E-19,2.7000E+18
1278.0,4.2763E-01,1.55436E-19,2.7512E+18
1279.0,4.2456E-01,1.55315E-19,2.7335E+18
1280.0,4.2204E-01,1.55193E-19,2.7194E+18
1281.0,4.1335E-01,1.55072E-19,2.6655E+18
1282.0,3.7305E-01,1.54951E-19,2.4075E+18
1283.0,4.0733E-01,1.5483E-19,2.6308E+18
1284.0,4.2078E-01,1.5471E-19,2.7198E+18
1285.0,4.2399E-01,1.54589E-19,2.7427E+18
1286.0,4.2714E-01,1.54469E-19,2.7652E+18
1287.0,4.2213E-01,1.54349E-19,2.7349E+18
1288.0,4.1989E-01,1.54229E-19,2.7225E+18
1289.0,4.0936E-01,1.5411E-19,2.6563E+18
1290.0,4.1285E-01,1.5399E-19,2.6810E+18
1291.0,4.1786E-01,1.53871E-19,2.7157E+18
1292.0,3.9618E-01,1.53752E-19,2.5767E+18
1293.0,4.1257E-01,1.53633E-19,2.6854E+18
1294.0,4.0421E-01,1.53514E-19,2.6330E+18
1295.0,4.0514E-01,1.53396E-19,2.6411E+18
1296.0,3.8957E-01,1.53277E-19,2.5416E+18
1297.0,3.7130E-01,1.53159E-19,2.4243E+18
1298.0,3.9183E-01,1.53041E-19,2.5603E+18
1299.0,4.0852E-01,1.52923E-19,2.6714E+18
1300.0,3.5312E-01,1.52806E-19,2.3109E+18
1301.0,3.6228E-01,1.52688E-19,2.3727E+18
1302.0,3.9181E-01,1.52571E-19,2.5680E+18
1303.0,3.4621E-01,1.52454E-19,2.2709E+18
1304.0,3.0062E-01,1.52337E-19,1.9734E+18
1305.0,3.8382E-01,1.5222E-19,2.5215E+18
1306.0,3.8453E-01,1.52104E-19,2.5281E+18
1307.0,3.0594E-01,1.51987E-19,2.0129E+18
1308.0,3.4696E-01,1.51871E-19,2.2846E+18
1309.0,3.8413E-01,1.51755E-19,2.5312E+18
1310.0,3.0114E-01,1.51639E-19,1.9859E+18
1311.0,3.3366E-01,1.51524E-19,2.2020E+18
1312.0,3.3337E-01,1.51408E-19,2.2018E+18
1313.0,3.1352E-01,1.51293E-19,2.0723E+18
1314.0,2.8833E-01,1.51178E-19,1.9072E+18
1315.0,2.8581E-01,1.51063E-19,1.8920E+18
1316.0,3.2419E-01,1.50948E-19,2.1477E+18
1317.0,3.1217E-01,1.50833E-19,2.0696E+18
1318.0,3.3328E-01,1.50719E-19,2.2113E+18
1319.0,2.6855E-01,1.50605E-19,1.7831E+18
1320.0,2.5872E-01,1.50491E-19,1.7192E+18
1321.0,2.9866E-01,1.50377E-19,1.9861E+18
1322.0,3.0217E-01,1.50263E-19,2.0109E+18
1323.0,2.3279E-01,1.50149E-19,1.5504E+18
1324.0,2.6249E-01,1.50036E-19,1.7495E+18
1325.0,3.2224E-01,1.49923E-19,2.1494E+18
1326.0,2.8051E-01,1.4981E-19,1.8724E+18
1327.0,2.6625E-01,1.49697E-19,1.7786E+18
1328.0,2.3450E-01,1.49584E-19,1.5677E+18
1329.0,1.7759E-01,1.49471E-19,1.1881E+18
1330.0,2.2923E-01,1.49359E-19,1.5348E+18
1331.0,1.4480E-01,1.49247E-19,9.7021E+17
1332.0,1.4579E-01,1.49135E-19,9.7757E+17
1333.0,2.0304E-01,1.49023E-19,1.3625E+18
1334.0,1.6925E-01,1.48911E-19,1.1366E+18
1335.0,2.3117E-01,1.488E-19,1.5536E+18
1336.0,1.8348E-01,1.48688E-19,1.2340E+18
1337.0,1.6454E-01,1.48577E-19,1.1074E+18
1338.0,1.7804E-01,1.48466E-19,1.1992E+18
1339.0,1.7681E-01,1.48355E-19,1.1918E+18
1340.0,1.6831E-01,1.48244E-19,1.1354E+18
1341.0,1.7039E-01,1.48134E-19,1.1502E+18
1342.0,1.7798E-01,1.48023E-19,1.2024E+18
1343.0,1.2711E-01,1.47913E-19,8.5936E+17
1344.0,7.5645E-02,1.47803E-19,5.1180E+17
1345.0,1.0904E-01,1.47693E-19,7.3829E+17
1346.0,5.8186E-02,1.47584E-19,3.9426E+17
1347.0,6.0119E-02,1.47474E-19,4.0766E+17
1348.0,4.7451E-03,1.47365E-19,3.2200E+16
1349.0,1.6159E-02,1.47255E-19,1.0973E+17
1350.0,1.6025E-02,1.47146E-19,1.0891E+17
1351.0,4.6298E-03,1.47037E-19,3.1487E+16
1352.0,1.5164E-03,1.46929E-19,1.0321E+16
1353.0,9.6096E-05,1.4682E-19,6.5452E+14
1354.0,2.9009E-04,1.46712E-19,1.9773E+15
1355.0,3.6034E-06,1.46603E-19,2.4579E+13
1356.0,4.8070E-05,1.46495E-19,3.2813E+14
1357.0,7.1786E-05,1.46387E-19,4.9038E+14
1358.0,4.1948E-06,1.46279E-19,2.8677E+13
1359.0,7.3439E-07,1.46172E-19,5.0242E+12
1360.0,2.1404E-06,1.46064E-19,1.4654E+13
1361.0,4.8133E-09,1.45957E-19,3.2978E+10
1362.0,1.8076E-11,1.4585E-19,1.2394E+08
1363.0,3.1563E-06,1.45743E-19,2.1657E+13
1364.0,1.3589E-06,1.45636E-19,9.3308E+12
1365.0,9.0764E-12,1.45529E-19,6.2368E+07
1366.0,1.2791E-05,1.45423E-19,8.7957E+13
1367.0,4.9764E-06,1.45316E-19,3.4245E+13
1368.0,1.4810E-13,1.4521E-19,1.0199E+06
1369.0,5.1667E-07,1.45104E-19,3.5607E+12
1370.0,2.9200E-07,1.44998E-19,2.0138E+12
1371.0,1.9731E-08,1.44892E-19,1.3618E+11
1372.0,2.7498E-06,1.44787E-19,1.8992E+13
1373.0,4.4401E-05,1.44681E-19,3.0689E+14
1374.0,1.7917E-04,1.44576E-19,1.2393E+15
1375.0,3.2332E-04,1.44471E-19,2.2380E+15
1376.0,2.5748E-04,1.44366E-19,1.7835E+15
1377.0,1.2270E-04,1.44261E-19,8.5054E+14
1378.0,1.1089E-03,1.44156E-19,7.6923E+15
1379.0,5.2164E-05,1.44052E-19,3.6212E+14
1380.0,8.1587E-05,1.43947E-19,5.6678E+14
1381.0,2.3716E-06,1.43843E-19,1.6487E+13
1382.0,2.5672E-06,1.43739E-19,1.7860E+13
1383.0,4.4017E-08,1.43635E-19,3.0645E+11
1384.0,6.1689E-07,1.43531E-19,4.2979E+12
1385.0,2.0899E-06,1.43428E-19,1.4571E+13
1386.0,2.5215E-06,1.43324E-19,1.7593E+13
1387.0,1.9896E-04,1.43221E-19,1.3892E+15
1388.0,4.0262E-06,1.43118E-19,2.8132E+13
1389.0,5.8098E-04,1.43015E-19,4.0624E+15
1390.0,4.9328E-04,1.42912E-19,3.4516E+15
1391.0,3.4384E-04,1.42809E-19,2.4077E+15
1392.0,2.3782E-05,1.42707E-19,1.6665E+14
1393.0,1.1586E-04,1.42604E-19,8.1246E+14
1394.0,7.5526E-05,1.42502E-19,5.3000E+14
1395.0,6.7136E-07,1.424E-19,4.7146E+12
1396.0,6.3215E-09,1.42298E-19,4.4424E+10
1397.0,4.9057E-05,1.42196E-19,3.4500E+14
1398.0,1.2704E-03,1.42094E-19,8.9406E+15
1399.0,8.1226E-04,1.41992E-19,5.7204E+15
1400.0,3.2466E-09,1.41891E-19,2.2881E+10
1401.0,1.0528E-08,1.4179E-19,7.4251E+10
1402.0,1.8353E-03,1.41689E-19,1.2953E+16
1403.0,2.3800E-03,1.41588E-19,1.6809E+16
1404.0,7.3892E-04,1.41487E-19,5.2225E+15
1405.0,3.6444E-07,1.41386E-19,2.5776E+12
1406.0,2.0448E-03,1.41286E-19,1.4473E+16
1407.0,1.7457E-04,1.41185E-19,1.2365E+15
1408.0,1.6493E-03,1.41085E-19,1.1690E+16
1409.0,6.1919E-04,1.40985E-19,4.3919E+15
1410.0,4.6653E-04,1.40885E-19,3.3114E+15
1411.0,2.1142E-03,1.40785E-19,1.5017E+16
1412.0,2.6396E-03,1.40685E-19,1.8762E+16
1413.0,2.3353E-02,1.40586E-19,1.6611E+17
1414.0,3.6378E-04,1.40486E-19,2.5894E+15
1415.0,1.8366E-04,1.40387E-19,1.3082E+15
1416.0,3.5565E-02,1.40288E-19,2.5351E+17
1417.0,1.1759E-02,1.40189E-19,8.3880E+16
1418.0,1.3559E-02,1.4009E-19,9.6788E+16
1419.0,2.1442E-03,1.39991E-19,1.5317E+16
1420.0,8.2718E-03,1.39893E-19,5.9130E+16
1421.0,9.1637E-03,1.39794E-19,6.5551E+16
1422.0,4.6314E-02,1.39696E-19,3.3153E+17
1423.0,9.2198E-03,1.39598E-19,6.6046E+16
1424.0,1.6975E-02,1.395E-19,1.2168E+17
1425.0,2.5850E-02,1.39402E-19,1.8544E+17
1426.0,2.7792E-02,1.39304E-19,1.9951E+17
1427.0,4.9546E-02,1.39206E-19,3.5592E+17
1428.0,4.5588E-03,1.39109E-19,3.2771E+16
1429.0,3.8020E-02,1.39012E-19,2.7350E+17
1430.0,6.1601E-02,1.38914E-19,4.4345E+17
1431.0,5.0156E-02,1.38817E-19,3.6131E+17
1432.0,2.5194E-03,1.3872E-19,1.8162E+16
1433.0,3.5834E-02,1.38624E-19,2.5850E+17
1434.0,2.0962E-02,1.38527E-19,1.5132E+17
1435.0,2.1416E-02,1.3843E-19,1.5471E+17
1436.0,3.8351E-02,1.38334E-19,2.7724E+17
1437.0,2.9880E-02,1.38238E-19,2.1615E+17
1438.0,1.3263E-02,1.38142E-19,9.6010E+16
1439.0,5.1039E-02,1.38046E-19,3.6973E+17
1440.0,3.9601E-02,1.3795E-19,2.8707E+17
1441.0,3.1800E-02,1.37854E-19,2.3068E+17
1442.0,3.6317E-02,1.37758E-19,2.6363E+17
1443.0,4.5063E-02,1.37663E-19,3.2734E+17
1444.0,6.1791E-02,1.37568E-19,4.4917E+17
1445.0,4.9751E-02,1.37472E-19,3.6190E+17
1446.0,2.3095E-02,1.37377E-19,1.6811E+17
1447.0,3.6215E-02,1.37282E-19,2.6380E+17
1448.0,1.1569E-01,1.37187E-19,8.4330E+17
1449.0,1.0213E-01,1.37093E-19,7.4497E+17
1450.0,2.7412E-02,1.36998E-19,2.0009E+17
1451.0,1.1271E-02,1.36904E-19,8.2328E+16
1452.0,6.2361E-02,1.3681E-19,4.5582E+17
1453.0,8.1978E-02,1.36715E-19,5.9963E+17
1454.0,1.3759E-01,1.36621E-19,1.0071E+18
1455.0,6.6150E-02,1.36527E-19,4.8452E+17
1456.0,8.8509E-02,1.36434E-19,6.4873E+17
1457.0,1.1700E-01,1.3634E-19,8.5815E+17
1458.0,1.3643E-01,1.36247E-19,1.0013E+18
1459.0,1.6307E-01,1.36153E-19,1.1977E+18
1460.0,8.5421E-02,1.3606E-19,6.2782E+17
1461.0,9.0276E-02,1.35967E-19,6.6396E+17
1462.0,1.3060E-01,1.35874E-19,9.6119E+17
1463.0,4.3225E-02,1.35781E-19,3.1834E+17
1464.0,1.5184E-01,1.35688E-19,1.1190E+18
1465.0,9.3383E-02,1.35596E-19,6.8869E+17
1466.0,6.5197E-02,1.35503E-19,4.8115E+17
1467.0,3.6054E-02,1.35411E-19,2.6626E+17
1468.0,7.6942E-02,1.35318E-19,5.6860E+17
1469.0,9.4845E-02,1.35226E-19,7.0138E+17
1470.0,4.9678E-02,1.35134E-19,3.6762E+17
1471.0,1.7848E-02,1.35042E-19,1.3217E+17
1472.0,4.6771E-02,1.34951E-19,3.4658E+17
1473.0,7.0198E-02,1.34859E-19,5.2053E+17
1474.0,9.7339E-02,1.34768E-19,7.2227E+17
1475.0,1.8463E-01,1.34676E-19,1.3709E+18
1476.0,6.8778E-02,1.34585E-19,5.1104E+17
1477.0,6.9736E-02,1.34494E-19,5.1851E+17
1478.0,6.3480E-02,1.34403E-19,4.7231E+17
1479.0,1.2001E-01,1.34312E-19,8.9352E+17
1480.0,6.0637E-02,1.34221E-19,4.5177E+17
1481.0,1.1529E-01,1.34131E-19,8.5954E+17
1482.0,5.8490E-02,1.3404E-19,4.3636E+17
1483.0,1.4859E-01,1.3395E-19,1.1093E+18
1484.0,1.3747E-01,1.33859E-19,1.0270E+18
1485.0,1.2503E-01,1.33769E-19,9.3467E+17
1486.0,1.2340E-01,1.33679E-19,9.2310E+17
1487.0,6.0629E-02,1.33589E-19,4.5385E+17
1488.0,9.4180E-02,1.335E-19,7.0547E+17
1489.0,1.8973E-01,1.3341E-19,1.4222E+18
1490.0,1.7478E-01,1.3332E-19,1.3110E+18
1491.0,1.9778E-01,1.33231E-19,1.4845E+18
1492.0,1.6441E-01,1.33142E-19,1.2348E+18
1493.0,1.8157E-01,1.33053E-19,1.3646E+18
1494.0,2.0367E-01,1.32964E-19,1.5318E+18
1495.0,1.8253E-01,1.32875E-19,1.3737E+18
1496.0,1.6852E-01,1.32786E-19,1.2691E+18
1497.0,2.2850E-01,1.32697E-19,1.7220E+18
1498.0,1.8968E-01,1.32608E-19,1.4304E+18
1499.0,2.1759E-01,1.3252E-19,1.6419E+18
1500.0,2.5061E-01,1.32432E-19,1.8924E+18
1501.0,2.6552E-01,1.32343E-19,2.0063E+18
1502.0,2.3356E-01,1.32255E-19,1.7660E+18
1503.0,1.8493E-01,1.32167E-19,1.3992E+18
1504.0,1.6029E-01,1.32079E-19,1.2136E+18
1505.0,1.8402E-01,1.31992E-19,1.3942E+18
1506.0,2.5773E-01,1.31904E-19,1.9539E+18
1507.0,2.5514E-01,1.31817E-19,1.9356E+18
1508.0,2.4302E-01,1.31729E-19,1.8448E+18
1509.0,1.8690E-01,1.31642E-19,1.4198E+18
1510.0,2.7052E-01,1.31555E-19,2.0563E+18
1511.0,2.6474E-01,1.31468E-19,2.0137E+18
1512.0,2.6068E-01,1.31381E-19,1.9842E+18
1513.0,2.4239E-01,1.31294E-19,1.8462E+18
1514.0,2.2571E-01,1.31207E-19,1.7203E+18
1515.0,2.6573E-01,1.3112E-19,2.0266E+18
1516.0,2.5683E-01,1.31034E-19,1.9600E+18
1517.0,2.4929E-01,1.30948E-19,1.9037E+18
1518.0,2.5211E-01,1.30861E-19,1.9265E+18
1519.0,2.4437E-01,1.30775E-19,1.8686E+18
1520.0,2.6450E-01,1.30689E-19,2.0239E+18
1521.0,2.7505E-01,1.30603E-19,2.1060E+18
1522.0,2.6378E-01,1.30517E-19,2.0210E+18
1523.0,2.8004E-01,1.30432E-19,2.1470E+18
1524.0,2.7539E-01,1.30346E-19,2.1128E+18
1525.0,2.5884E-01,1.30261E-19,1.9871E+18
1526.0,2.6745E-01,1.30175E-19,2.0545E+18
1527.0,2.6220E-01,1.3009E-19,2.0155E+18
1528.0,2.7928E-01,1.30005E-19,2.1482E+18
1529.0,2.7244E-01,1.2992E-19,2.0970E+18
1530.0,2.5522E-01,1.29835E-19,1.9657E+18
1531.0,2.6973E-01,1.2975E-19,2.0788E+18
1532.0,2.7839E-01,1.29665E-19,2.1470E+18
1533.0,2.7714E-01,1.29581E-19,2.1387E+18
1534.0,2.6892E-01,1.29496E-19,2.0767E+18
1535.0,2.6686E-01,1.29412E-19,2.0621E+18
1536.0,2.7464E-01,1.29328E-19,2.1236E+18
1537.0,2.7336E-01,1.29244E-19,2.1151E+18
1538.0,2.7202E-01,1.2916E-19,2.1061E+18
1539.0,2.7295E-01,1.29076E-19,2.1147E+18
1540.0,2.6491E-01,1.28992E-19,2.0537E+18
1541.0,2.6904E-01,1.28908E-19,2.0871E+18
1542.0,2.6927E-01,1.28825E-19,2.0902E+18
1543.0,2.7208E-01,1.28741E-19,2.1134E+18
1544.0,2.7210E-01,1.28658E-19,2.1149E+18
1545.0,2.7705E-01,1.28574E-19,2.1548E+18
1546.0,2.7481E-01,1.28491E-19,2.1387E+18
1547.0,2.7309E-01,1.28408E-19,2.1267E+18
1548.0,2.6675E-01,1.28325E-19,2.0787E+18
1549.0,2.7342E-01,1.28242E-19,2.1321E+18
1550.0,2.6990E-01,1.2816E-19,2.1060E+18
1551.0,2.7058E-01,1.28077E-19,2.1126E+18
1552.0,2.7182E-01,1.27995E-19,2.1237E+18
1553.0,2.7132E-01,1.27912E-19,2.1211E+18
1554.0,2.6474E-01,1.2783E-19,2.0710E+18
1555.0,2.6759E-01,1.27748E-19,2.0947E+18
1556.0,2.6310E-01,1.27665E-19,2.0609E+18
1557.0,2.7062E-01,1.27583E-19,2.1211E+18
1558.0,2.6848E-01,1.27502E-19,2.1057E+18
1559.0,2.6808E-01,1.2742E-19,2.1039E+18
1560.0,2.6568E-01,1.27338E-19,2.0864E+18
1561.0,2.7002E-01,1.27257E-19,2.1219E+18
1562.0,2.6756E-01,1.27175E-19,2.1039E+18
1563.0,2.6667E-01,1.27094E-19,2.0982E+18
1564.0,2.6264E-01,1.27012E-19,2.0678E+18
1565.0,2.6728E-01,1.26931E-19,2.1057E+18
1566.0,2.6245E-01,1.2685E-19,2.0690E+18
1567.0,2.6308E-01,1.26769E-19,2.0753E+18
1568.0,2.5722E-01,1.26688E-19,2.0303E+18
1569.0,2.5452E-01,1.26608E-19,2.0103E+18
1570.0,2.4175E-01,1.26527E-19,1.9107E+18
1571.0,2.3507E-01,1.26447E-19,1.8590E+18
1572.0,2.3775E-01,1.26366E-19,1.8814E+18
1573.0,2.3407E-01,1.26286E-19,1.8535E+18
1574.0,2.4145E-01,1.26206E-19,1.9131E+18
1575.0,2.3974E-01,1.26125E-19,1.9008E+18
1576.0,2.4678E-01,1.26045E-19,1.9579E+18
1577.0,2.1602E-01,1.25965E-19,1.7149E+18
1578.0,2.3516E-01,1.25886E-19,1.8680E+18
1579.0,2.3672E-01,1.25806E-19,1.8816E+18
1580.0,2.4464E-01,1.25726E-19,1.9458E+18
1581.0,2.4870E-01,1.25647E-19,1.9794E+18
1582.0,2.4195E-01,1.25567E-19,1.9269E+18
1583.0,2.4755E-01,1.25488E-19,1.9727E+18
1584.0,2.4904E-01,1.25409E-19,1.9858E+18
1585.0,2.5874E-01,1.2533E-19,2.0645E+18
1586.0,2.5569E-01,1.25251E-19,2.0414E+18
1587.0,2.5303E-01,1.25172E-19,2.0215E+18
1588.0,2.5107E-01,1.25093E-19,2.0071E+18
1589.0,2.3233E-01,1.25014E-19,1.8584E+18
1590.0,2.4179E-01,1.24936E-19,1.9353E+18
1591.0,2.4197E-01,1.24857E-19,1.9380E+18
1592.0,2.5225E-01,1.24779E-19,2.0216E+18
1593.0,2.5833E-01,1.247E-19,2.0716E+18
1594.0,2.5624E-01,1.24622E-19,2.0561E+18
1595.0,2.5823E-01,1.24544E-19,2.0734E+18
1596.0,2.4452E-01,1.24466E-19,1.9646E+18
1597.0,2.4692E-01,1.24388E-19,1.9851E+18
1598.0,2.5421E-01,1.2431E-19,2.0450E+18
1599.0,2.4202E-01,1.24232E-19,1.9481E+18
1600.0,2.3810E-01,1.24155E-19,1.9178E+18
1601.0,2.2323E-01,1.24077E-19,1.7991E+18
1602.0,2.2413E-01,1.24E-19,1.8075E+18
1603.0,2.2397E-01,1.23922E-19,1.8073E+18
1604.0,2.2842E-01,1.23845E-19,1.8444E+18
1605.0,2.3683E-01,1.23768E-19,1.9135E+18
1606.0,2.4140E-01,1.23691E-19,1.9516E+18
1607.0,2.3296E-01,1.23614E-19,1.8846E+18
1608.0,2.2990E-01,1.23537E-19,1.8610E+18
1609.0,2.2727E-01,1.2346E-19,1.8408E+18
1610.0,2.1760E-01,1.23384E-19,1.7636E+18
1611.0,2.2680E-01,1.23307E-19,1.8393E+18
1612.0,2.3076E-01,1.2323E-19,1.8726E+18
1613.0,2.3719E-01,1.23154E-19,1.9260E+18
1614.0,2.3838E-01,1.23078E-19,1.9368E+18
1615.0,2.4104E-01,1.23002E-19,1.9597E+18
1616.0,2.3050E-01,1.22925E-19,1.8751E+18
1617.0,2.3465E-01,1.22849E-19,1.9101E+18
1618.0,2.4352E-01,1.22773E-19,1.9835E+18
1619.0,2.4100E-01,1.22698E-19,1.9642E+18
1620.0,2.3449E-01,1.22622E-19,1.9123E+18
1621.0,2.3430E-01,1.22546E-19,1.9119E+18
1622.0,2.3754E-01,1.22471E-19,1.9396E+18
1623.0,2.4246E-01,1.22395E-19,1.9810E+18
1624.0,2.4269E-01,1.2232E-19,1.9841E+18
1625.0,2.3782E-01,1.22245E-19,1.9454E+18
1626.0,2.3971E-01,1.22169E-19,1.9621E+18
1627.0,2.4078E-01,1.22094E-19,1.9721E+18
1628.0,2.4126E-01,1.22019E-19,1.9772E+18
1629.0,2.4137E-01,1.21944E-19,1.9793E+18
1630.0,2.3651E-01,1.2187E-19,1.9407E+18
1631.0,2.3806E-01,1.21795E-19,1.9546E+18
1632.0,2.3821E-01,1.2172E-19,1.9570E+18
1633.0,2.3267E-01,1.21646E-19,1.9127E+18
1634.0,2.3282E-01,1.21571E-19,1.9151E+18
1635.0,2.3367E-01,1.21497E-19,1.9233E+18
1636.0,2.3539E-01,1.21423E-19,1.9386E+18
1637.0,2.2700E-01,1.21348E-19,1.8706E+18
1638.0,2.2007E-01,1.21274E-19,1.8146E+18
1639.0,2.2026E-01,1.212E-19,1.8173E+18
1640.0,2.1511E-01,1.21127E-19,1.7759E+18
1641.0,2.1960E-01,1.21053E-19,1.8141E+18
1642.0,2.2082E-01,1.20979E-19,1.8253E+18
1643.0,2.1535E-01,1.20905E-19,1.7811E+18
1644.0,2.2355E-01,1.20832E-19,1.8501E+18
1645.0,2.1822E-01,1.20758E-19,1.8071E+18
1646.0,2.1749E-01,1.20685E-19,1.8021E+18
1647.0,2.2768E-01,1.20612E-19,1.8877E+18
1648.0,2.1655E-01,1.20539E-19,1.7965E+18
1649.0,2.1867E-01,1.20465E-19,1.8152E+18
1650.0,2.2526E-01,1.20392E-19,1.8710E+18
1651.0,2.0855E-01,1.20319E-19,1.7333E+18
1652.0,2.2373E-01,1.20247E-19,1.8606E+18
1653.0,2.2277E-01,1.20174E-19,1.8537E+18
1654.0,2.1583E-01,1.20101E-19,1.7971E+18
1655.0,2.2231E-01,1.20029E-19,1.8521E+18
1656.0,2.2101E-01,1.19956E-19,1.8424E+18
1657.0,2.2223E-01,1.19884E-19,1.8537E+18
1658.0,2.2487E-01,1.19812E-19,1.8769E+18
1659.0,2.2120E-01,1.19739E-19,1.8473E+18
1660.0,2.2332E-01,1.19667E-19,1.8662E+18
1661.0,2.2384E-01,1.19595E-19,1.8716E+18
1662.0,2.1908E-01,1.19523E-19,1.8330E+18
1663.0,2.2235E-01,1.19451E-19,1.8614E+18
1664.0,2.2098E-01,1.19379E-19,1.8511E+18
1665.0,2.1178E-01,1.19308E-19,1.7751E+18
1666.0,1.7884E-01,1.19236E-19,1.4999E+18
1667.0,2.1068E-01,1.19165E-19,1.7680E+18
1668.0,2.1459E-01,1.19093E-19,1.8019E+18
1669.0,2.1516E-01,1.19022E-19,1.8077E+18
1670.0,2.2168E-01,1.18951E-19,1.8636E+18
1671.0,2.1879E-01,1.18879E-19,1.8404E+18
1672.0,2.1147E-01,1.18808E-19,1.7799E+18
1673.0,2.1629E-01,1.18737E-19,1.8216E+18
1674.0,2.1575E-01,1.18666E-19,1.8181E+18
1675.0,2.1360E-01,1.18596E-19,1.8011E+18
1676.0,2.1145E-01,1.18525E-19,1.7840E+18
1677.0,2.1229E-01,1.18454E-19,1.7922E+18
1678.0,2.0915E-01,1.18383E-19,1.7667E+18
1679.0,2.1303E-01,1.18313E-19,1.8006E+18
1680.0,2.0558E-01,1.18243E-19,1.7386E+18
1681.0,1.9447E-01,1.18172E-19,1.6456E+18
1682.0,2.0366E-01,1.18102E-19,1.7244E+18
1683.0,2.0906E-01,1.18032E-19,1.7712E+18
1684.0,1.9797E-01,1.17962E-19,1.6783E+18
1685.0,2.1321E-01,1.17892E-19,1.8085E+18
1686.0,2.1026E-01,1.17822E-19,1.7846E+18
1687.0,2.0484E-01,1.17752E-19,1.7396E+18
1688.0,2.1013E-01,1.17682E-19,1.7856E+18
1689.0,2.0718E-01,1.17612E-19,1.7615E+18
1690.0,2.0523E-01,1.17543E-19,1.7460E+18
1691.0,1.9303E-01,1.17473E-19,1.6432E+18
1692.0,2.0708E-01,1.17404E-19,1.7638E+18
1693.0,2.1134E-01,1.17335E-19,1.8012E+18
1694.0,2.0477E-01,1.17265E-19,1.7462E+18
1695.0,2.0968E-01,1.17196E-19,1.7891E+18
1696.0,2.0922E-01,1.17127E-19,1.7863E+18
1697.0,1.8107E-01,1.17058E-19,1.5468E+18
1698.0,2.0739E-01,1.16989E-19,1.7727E+18
1699.0,2.0551E-01,1.1692E-19,1.7577E+18
1700.0,1.9975E-01,1.16851E-19,1.7094E+18
1702.0,2.0396E-01,1.16714E-19,1.7475E+18
1705.0,1.9778E-01,1.16509E-19,1.6976E+18
1710.0,1.8790E-01,1.16168E-19,1.6175E+18
1715.0,1.8965E-01,1.15829E-19,1.6373E+18
1720.0,1.8698E-01,1.15493E-19,1.6190E+18
1725.0,1.7808E-01,1.15158E-19,1.5464E+18
1730.0,1.7407E-01,1.14825E-19,1.5160E+18
1735.0,1.6154E-01,1.14494E-19,1.4109E+18
1740.0,1.6818E-01,1.14165E-19,1.4731E+18
1745.0,1.5481E-01,1.13838E-19,1.3599E+18
1750.0,1.6566E-01,1.13513E-19,1.4594E+18
1755.0,1.5301E-01,1.13189E-19,1.3518E+18
1760.0,1.5998E-01,1.12868E-19,1.4174E+18
1765.0,1.3284E-01,1.12548E-19,1.1803E+18
1770.0,1.4172E-01,1.1223E-19,1.2628E+18
1775.0,1.1484E-01,1.11914E-19,1.0261E+18
1780.0,1.0050E-01,1.116E-19,9.0054E+17
1785.0,7.6981E-02,1.11287E-19,6.9173E+17
1790.0,8.8904E-02,1.10976E-19,8.0111E+17
1795.0,4.6931E-02,1.10667E-19,4.2407E+17
1800.0,3.1828E-02,1.1036E-19,2.8840E+17
1805.0,1.4815E-02,1.10054E-19,1.3462E+17
1810.0,9.6911E-03,1.0975E-19,8.8302E+16
1815.0,3.2816E-03,1.09448E-19,2.9983E+16
1820.0,9.8755E-04,1.09147E-19,9.0479E+15
1825.0,1.2744E-03,1.08848E-19,1.1708E+16
1830.0,5.2041E-06,1.08551E-19,4.7942E+13
1835.0,6.4190E-06,1.08255E-19,5.9295E+13
1840.0,6.2703E-08,1.07961E-19,5.8080E+11
1845.0,6.2658E-06,1.07668E-19,5.8196E+13
1850.0,2.9993E-06,1.07377E-19,2.7932E+13
1855.0,2.8396E-07,1.07088E-19,2.6517E+12
1860.0,1.1151E-05,1.068E-19,1.0441E+14
1865.0,1.6982E-05,1.06513E-19,1.5944E+14
1870.0,2.6662E-10,1.06229E-19,2.5099E+09
1875.0,4.5130E-10,1.05945E-19,4.2597E+09
1880.0,7.7505E-05,1.05664E-19,7.3351E+14
1885.0,4.3890E-05,1.05383E-19,4.1648E+14
1890.0,2.2333E-04,1.05104E-19,2.1248E+15
1895.0,1.2947E-04,1.04827E-19,1.2351E+15
1900.0,8.6221E-07,1.04551E-19,8.2468E+12
1905.0,5.6667E-07,1.04277E-19,5.4343E+12
1910.0,2.3045E-05,1.04004E-19,2.2158E+14
1915.0,1.9947E-05,1.03732E-19,1.9229E+14
1920.0,4.5069E-04,1.03462E-19,4.3561E+15
1925.0,9.3615E-04,1.03193E-19,9.0718E+15
1930.0,5.5242E-04,1.02926E-19,5.3671E+15
1935.0,3.5935E-03,1.0266E-19,3.5004E+16
1940.0,3.2821E-03,1.02396E-19,3.2053E+16
1945.0,1.0863E-02,1.02132E-19,1.0636E+17
1950.0,1.6727E-02,1.01871E-19,1.6420E+17
1955.0,1.0036E-02,1.0161E-19,9.8770E+16
1960.0,2.1906E-02,1.01351E-19,2.1614E+17
1965.0,2.8563E-02,1.01093E-19,2.8254E+17
1970.0,4.8847E-02,1.00836E-19,4.8442E+17
1975.0,6.7857E-02,1.00581E-19,6.7465E+17
1980.0,7.5512E-02,1.00327E-19,7.5266E+17
1985.0,8.3063E-02,1.00074E-19,8.3001E+17
1990.0,8.5613E-02,9.98229E-20,8.5765E+17
1995.0,8.1190E-02,9.95727E-20,8.1538E+17
2000.0,3.8156E-02,9.93237E-20,3.8416E+17
2005.0,1.5001E-02,9.9076E-20,1.5141E+17
2010.0,3.9748E-02,9.88296E-20,4.0219E+17
2015.0,2.6648E-02,9.85844E-20,2.7031E+17
2020.0,4.4981E-02,9.83403E-20,4.5740E+17
2025.0,7.4010E-02,9.80975E-20,7.5445E+17
2030.0,8.4856E-02,9.78559E-20,8.6715E+17
2035.0,9.6386E-02,9.76155E-20,9.8740E+17
2040.0,8.9781E-02,9.73762E-20,9.2200E+17
2045.0,9.1074E-02,9.71381E-20,9.3757E+17
2050.0,6.7927E-02,9.69012E-20,7.0099E+17
2055.0,5.4906E-02,9.66654E-20,5.6800E+17
2060.0,6.9193E-02,9.64308E-20,7.1754E+17
2065.0,6.1875E-02,9.61973E-20,6.4321E+17
2070.0,6.5676E-02,9.5965E-20,6.8437E+17
2075.0,7.7443E-02,9.57337E-20,8.0894E+17
2080.0,8.6812E-02,9.55036E-20,9.0899E+17
2085.0,8.5102E-02,9.52746E-20,8.9323E+17
2090.0,8.9100E-02,9.50466E-20,9.3743E+17
2095.0,8.9747E-02,9.48198E-20,9.4650E+17
2100.0,8.6133E-02,9.4594E-20,9.1055E+17
2105.0,9.3153E-02,9.43693E-20,9.8711E+17
2110.0,8.9654E-02,9.41457E-20,9.5229E+17
2115.0,9.1673E-02,9.39232E-20,9.7604E+17
2120.0,8.7588E-02,9.37016E-20,9.3475E+17
2125.0,8.8632E-02,9.34812E-20,9.4813E+17
2130.0,8.9774E-02,9.32617E-20,9.6260E+17
2135.0,9.0044E-02,9.30433E-20,9.6776E+17
2140.0,9.0767E-02,9.28259E-20,9.7782E+17
2145.0,8.9486E-02,9.26095E-20,9.6627E+17
2150.0,8.4639E-02,9.23942E-20,9.1606E+17
2155.0,8.4840E-02,9.21798E-20,9.2038E+17
2160.0,8.4170E-02,9.19664E-20,9.1523E+17
2165.0,7.6310E-02,9.1754E-20,8.3168E+17
2170.0,8.1996E-02,9.15426E-20,8.9571E+17
2175.0,8.0448E-02,9.13322E-20,8.8083E+17
2180.0,8.1808E-02,9.11227E-20,8.9778E+17
2185.0,7.4550E-02,9.09142E-20,8.2000E+17
2190.0,7.9068E-02,9.07066E-20,8.7169E+17
2195.0,7.8992E-02,9.05E-20,8.7284E+17
2200.0,7.1202E-02,9.02943E-20,7.8855E+17
2205.0,7.4010E-02,9.00896E-20,8.2152E+17
2210.0,7.9315E-02,8.98857E-20,8.8240E+17
2215.0,7.6273E-02,8.96828E-20,8.5047E+17
2220.0,7.7730E-02,8.94808E-20,8.6868E+17
2225.0,7.5453E-02,8.92798E-20,8.4513E+17
2230.0,7.5773E-02,8.90796E-20,8.5062E+17
2235.0,7.4299E-02,8.88803E-20,8.3594E+17
2240.0,7.3118E-02,8.86819E-20,8.2450E+17
2245.0,7.0838E-02,8.84844E-20,8.0057E+17
2250.0,7.1937E-02,8.82878E-20,8.1480E+17
2255.0,6.7690E-02,8.8092E-20,7.6840E+17
2260.0,6.6929E-02,8.78971E-20,7.6145E+17
2265.0,6.8137E-02,8.77031E-20,7.7691E+17
2270.0,6.4867E-02,8.75099E-20,7.4125E+17
2275.0,6.4021E-02,8.73176E-20,7.3320E+17
2280.0,6.6288E-02,8.71261E-20,7.6083E+17
2285.0,6.3080E-02,8.69354E-20,7.2560E+17
2290.0,6.3220E-02,8.67456E-20,7.2880E+17
2295.0,6.1265E-02,8.65566E-20,7.0780E+17
2300.0,5.8824E-02,8.63685E-20,6.8108E+17
2305.0,5.9171E-02,8.61811E-20,6.8659E+17
2310.0,6.3870E-02,8.59946E-20,7.4272E+17
2315.0,5.8141E-02,8.58088E-20,6.7756E+17
2320.0,5.2031E-02,8.56239E-20,6.0767E+17
2325.0,5.6215E-02,8.54398E-20,6.5795E+17
2330.0,5.6824E-02,8.52564E-20,6.6651E+17
2335.0,5.7967E-02,8.50739E-20,6.8137E+17
2340.0,4.5836E-02,8.48921E-20,5.3993E+17
2345.0,5.1400E-02,8.47111E-20,6.0677E+17
2350.0,4.1536E-02,8.45308E-20,4.9137E+17
2355.0,4.7473E-02,8.43514E-20,5.6280E+17
2360.0,5.0237E-02,8.41727E-20,5.9683E+17
2365.0,4.9409E-02,8.39947E-20,5.8824E+17
2370.0,3.0817E-02,8.38175E-20,3.6767E+17
2375.0,4.4147E-02,8.3641E-20,5.2782E+17
2380.0,4.2552E-02,8.34653E-20,5.0982E+17
2385.0,3.0826E-02,8.32903E-20,3.7010E+17
2390.0,3.7109E-02,8.31161E-20,4.4647E+17
2395.0,4.0594E-02,8.29426E-20,4.8942E+17
2400.0,4.4150E-02,8.27698E-20,5.3341E+17
2405.0,3.3599E-02,8.25977E-20,4.0678E+17
2410.0,3.3813E-02,8.24263E-20,4.1022E+17
2415.0,2.7300E-02,8.22557E-20,3.3189E+17
2420.0,2.6590E-02,8.20857E-20,3.2393E+17
2425.0,3.3078E-02,8.19165E-20,4.0380E+17
2430.0,4.5099E-02,8.17479E-20,5.5168E+17
2435.0,1.4878E-02,8.15801E-20,1.8237E+17
2440.0,4.3249E-02,8.14129E-20,5.3123E+17
2445.0,2.0798E-02,8.12464E-20,2.5599E+17
2450.0,1.3611E-02,8.10806E-20,1.6787E+17
2455.0,2.4853E-02,8.09155E-20,3.0715E+17
2460.0,3.3363E-02,8.0751E-20,4.1316E+17
2465.0,2.4148E-02,8.05872E-20,2.9965E+17
2470.0,1.6727E-02,8.04241E-20,2.0798E+17
2475.0,1.6455E-02,8.02616E-20,2.0502E+17
2480.0,8.0395E-03,8.00998E-20,1.0037E+17
2485.0,5.6102E-03,7.99386E-20,7.0181E+16
2490.0,3.5113E-03,7.97781E-20,4.4013E+16
2495.0,2.8772E-03,7.96182E-20,3.6137E+16
2500.0,7.0642E-03,7.9459E-20,8.8904E+16
2505.0,1.5191E-03,7.93004E-20,1.9156E+16
2510.0,2.2163E-03,7.91424E-20,2.8004E+16
2515.0,5.1880E-04,7.89851E-20,6.5683E+15
2520.0,3.7054E-04,7.88284E-20,4.7006E+15
2525.0,4.1393E-05,7.86723E-20,5.2614E+14
2530.0,6.3593E-07,7.85168E-20,8.0993E+12
2535.0,1.7502E-07,7.83619E-20,2.2335E+12
2540.0,3.7716E-07,7.82077E-20,4.8225E+12
2545.0,5.3758E-11,7.8054E-20,6.8873E+08
2550.0,2.8222E-13,7.7901E-20,3.6228E+06
2555.0,1.0435E-09,7.77485E-20,1.3421E+10
2560.0,3.1020E-11,7.75967E-20,3.9976E+08
2565.0,1.5955E-14,7.74454E-20,2.0602E+05
2570.0,1.5258E-18,7.72947E-20,1.9740E+01
2575.0,1.0786E-27,7.71447E-20,1.3982E-08
2580.0,3.8214E-22,7.69951E-20,4.9632E-03
2585.0,1.7194E-34,7.68462E-20,2.2375E-15
2590.0,5.4793E-31,7.66979E-20,7.1440E-12
2595.0,2.2838E-33,7.65501E-20,2.9834E-14
2600.0,4.4912E-28,7.64029E-20,5.8783E-09
2605.0,5.8053E-35,7.62562E-20,7.6129E-16
2610.0,5.9447E-34,7.61101E-20,7.8107E-15
2615.0,1.1196E-37,7.59646E-20,1.4738E-18
2620.0,5.6505E-29,7.58196E-20,7.4526E-10
2625.0,3.8687E-28,7.56752E-20,5.1122E-09
2630.0,2.8026E-45,7.55314E-20,3.7105E-26
2635.0,3.9027E-16,7.5388E-20,5.1768E+03
2640.0,1.1750E-16,7.52453E-20,1.5616E+03
2645.0,8.9988E-19,7.5103E-20,1.1982E+01
2650.0,1.4295E-19,7.49613E-20,1.9070E+00
2655.0,1.3133E-27,7.48201E-20,1.7553E-08
2660.0,2.6068E-25,7.46795E-20,3.4906E-06
2665.0,1.1123E-37,7.45394E-20,1.4922E-18
2670.0,0.0000E+00,7.43998E-20,0.0000E+00
2675.0,0.0000E+00,7.42607E-20,0.0000E+00
2680.0,0.0000E+00,7.41222E-20,0.0000E+00
2685.0,0.0000E+00,7.39842E-20,0.0000E+00
2690.0,1.0226E-29,7.38466E-20,1.3848E-10
2695.0,7.1284E-33,7.37096E-20,9.6709E-14
2700.0,0.0000E+00,7.35731E-20,0.0000E+00
2705.0,2.9315E-42,7.34371E-20,3.9918E-23
2710.0,1.1250E-35,7.33017E-20,1.5348E-16
2715.0,3.8557E-26,7.31667E-20,5.2697E-07
2720.0,5.6052E-45,7.30322E-20,7.6750E-26
2725.0,7.2935E-22,7.28982E-20,1.0005E-02
2730.0,6.0734E-19,7.27646E-20,8.3466E+00
2735.0,5.4888E-21,7.26316E-20,7.5570E-02
2740.0,2.3314E-27,7.24991E-20,3.2158E-08
2745.0,1.3146E-23,7.2367E-20,1.8166E-04
2750.0,1.6648E-28,7.22354E-20,2.3047E-09
2755.0,6.7262E-44,7.21043E-20,9.3284E-25
2760.0,0.0000E+00,7.19737E-20,0.0000E+00
2765.0,2.6777E-27,7.18436E-20,3.7271E-08
2770.0,8.3791E-24,7.17139E-20,1.1684E-04
2775.0,3.9990E-38,7.15847E-20,5.5864E-19
2780.0,4.8067E-34,7.14559E-20,6.7268E-15
2785.0,3.8866E-27,7.13276E-20,5.4489E-08
2790.0,1.2170E-16,7.11998E-20,1.7093E+03
2795.0,3.6205E-16,7.10724E-20,5.0941E+03
2800.0,1.6484E-12,7.09455E-20,2.3235E+07
2805.0,6.7478E-14,7.08191E-20,9.5282E+05
2810.0,4.0233E-10,7.06931E-20,5.6912E+09
2815.0,2.8685E-10,7.05675E-20,4.0649E+09
2820.0,2.0548E-11,7.04424E-20,2.9170E+08
2825.0,1.7605E-07,7.03177E-20,2.5036E+12
2830.0,3.9008E-06,7.01935E-20,5.5572E+13
2835.0,2.1276E-10,7.00697E-20,3.0364E+09
2840.0,1.9609E-07,6.99463E-20,2.8034E+12
2845.0,4.0575E-05,6.98234E-20,5.8111E+14
2850.0,1.1566E-06,6.97009E-20,1.6594E+13
2855.0,4.4867E-07,6.95788E-20,6.4484E+12
2860.0,2.5356E-05,6.94572E-20,3.6506E+14
2865.0,1.6763E-04,6.93359E-20,2.4176E+15
2870.0,6.3129E-06,6.92151E-20,9.1207E+13
2875.0,3.9170E-04,6.90948E-20,5.6690E+15
2880.0,2.4724E-04,6.89748E-20,3.5845E+15
2885.0,4.5332E-04,6.88553E-20,6.5837E+15
2890.0,1.8623E-04,6.87362E-20,2.7093E+15
2895.0,2.6643E-03,6.86174E-20,3.8828E+16
2900.0,8.1152E-04,6.84991E-20,1.1847E+16
2905.0,1.1096E-04,6.83812E-20,1.6227E+15
2910.0,2.7220E-03,6.82637E-20,3.9875E+16
2915.0,1.2581E-03,6.81466E-20,1.8462E+16
2920.0,2.8948E-03,6.803E-20,4.2552E+16
2925.0,1.0835E-03,6.79137E-20,1.5954E+16
2930.0,5.8858E-03,6.77978E-20,8.6814E+16
2935.0,6.4903E-03,6.76823E-20,9.5894E+16
2940.0,1.6273E-03,6.75672E-20,2.4084E+16
2945.0,1.4489E-03,6.74525E-20,2.1480E+16
2950.0,5.2276E-03,6.73381E-20,7.7632E+16
2955.0,2.3361E-03,6.72242E-20,3.4751E+16
2960.0,4.5971E-03,6.71106E-20,6.8500E+16
2965.0,7.4379E-03,6.69975E-20,1.1102E+17
2970.0,3.5233E-04,6.68847E-20,5.2677E+15
2975.0,8.5429E-04,6.67723E-20,1.2794E+16
2980.0,1.3381E-03,6.66602E-20,2.0073E+16
2985.0,6.9628E-03,6.65486E-20,1.0463E+17
2990.0,1.0280E-02,6.64373E-20,1.5473E+17
2995.0,4.2755E-03,6.63264E-20,6.4462E+16
3000.0,7.8472E-03,6.62158E-20,1.1851E+17
3005.0,2.8906E-03,6.61057E-20,4.3727E+16
3010.0,6.8479E-03,6.59958E-20,1.0376E+17
3015.0,5.5551E-03,6.58864E-20,8.4313E+16
3020.0,6.3369E-04,6.57773E-20,9.6339E+15
3025.0,7.5031E-03,6.56686E-20,1.1426E+17
3030.0,6.0753E-03,6.55602E-20,9.2667E+16
3035.0,2.4986E-03,6.54522E-20,3.8174E+16
3040.0,2.0242E-03,6.53446E-20,3.0977E+16
3045.0,4.2090E-03,6.52373E-20,6.4518E+16
3050.0,1.0321E-03,6.51303E-20,1.5847E+16
3055.0,2.8947E-04,6.50237E-20,4.4518E+15
3060.0,6.3012E-03,6.49175E-20,9.7065E+16
3065.0,2.9113E-03,6.48116E-20,4.4919E+16
3070.0,1.7492E-03,6.4706E-20,2.7033E+16
3075.0,6.0221E-03,6.46008E-20,9.3220E+16
3080.0,3.6224E-03,6.44959E-20,5.6165E+16
3085.0,1.7671E-03,6.43914E-20,2.7443E+16
3090.0,2.3805E-03,6.42872E-20,3.7029E+16
3095.0,6.5510E-04,6.41834E-20,1.0207E+16
3100.0,4.4010E-03,6.40798E-20,6.8680E+16
3105.0,9.2155E-04,6.39766E-20,1.4404E+16
3110.0,8.4569E-04,6.38738E-20,1.3240E+16
3115.0,2.2677E-03,6.37713E-20,3.5560E+16
3120.0,9.8197E-03,6.36691E-20,1.5423E+17
3125.0,3.0289E-03,6.35672E-20,4.7649E+16
3130.0,5.7614E-03,6.34656E-20,9.0780E+16
3135.0,1.1446E-02,6.33644E-20,1.8064E+17
3140.0,3.3241E-03,6.32635E-20,5.2544E+16
3145.0,3.2517E-03,6.3163E-20,5.1481E+16
3150.0,6.6744E-03,6.30627E-20,1.0584E+17
3155.0,5.6366E-03,6.29628E-20,8.9523E+16
3160.0,9.2320E-03,6.28631E-20,1.4686E+17
3165.0,1.4017E-02,6.27638E-20,2.2333E+17
3170.0,1.2516E-02,6.26648E-20,1.9973E+17
3175.0,9.2302E-03,6.25661E-20,1.4753E+17
3180.0,1.0621E-02,6.24678E-20,1.7002E+17
3185.0,8.0823E-03,6.23697E-20,1.2959E+17
3190.0,4.2388E-03,6.22719E-20,6.8069E+16
3195.0,2.6927E-03,6.21745E-20,4.3309E+16
3200.0,4.3843E-04,6.20773E-20,7.0626E+15
3205.0,3.0973E-04,6.19805E-20,4.9972E+15
3210.0,1.3634E-04,6.1884E-20,2.2032E+15
3215.0,4.9752E-04,6.17877E-20,8.0521E+15
3220.0,1.6089E-03,6.16918E-20,2.6080E+16
3225.0,1.9875E-04,6.15961E-20,3.2267E+15
3230.0,3.4080E-04,6.15008E-20,5.5414E+15
3235.0,7.2940E-03,6.14057E-20,1.1878E+17
3240.0,3.7464E-03,6.1311E-20,6.1105E+16
3245.0,7.3409E-04,6.12165E-20,1.1992E+16
3250.0,2.6067E-03,6.11223E-20,4.2647E+16
3255.0,9.9378E-03,6.10284E-20,1.6284E+17
3260.0,1.2248E-03,6.09348E-20,2.0100E+16
3265.0,2.4465E-03,6.08415E-20,4.0211E+16
3270.0,1.2186E-03,6.07485E-20,2.0060E+16
3275.0,5.9265E-03,6.06557E-20,9.7707E+16
3280.0,2.8644E-03,6.05633E-20,4.7296E+16
3285.0,1.1128E-02,6.04711E-20,1.8402E+17
3290.0,8.7571E-03,6.03792E-20,1.4504E+17
3295.0,1.2234E-03,6.02876E-20,2.0293E+16
3300.0,1.7794E-03,6.01962E-20,2.9560E+16
3305.0,3.9416E-03,6.01051E-20,6.5578E+16
3310.0,3.9235E-03,6.00143E-20,6.5376E+16
3315.0,1.6133E-05,5.99238E-20,2.6923E+14
3320.0,5.9987E-05,5.98336E-20,1.0026E+15
3325.0,3.5187E-03,5.97436E-20,5.8897E+16
3330.0,4.6616E-03,5.96539E-20,7.8144E+16
3335.0,9.0694E-03,5.95645E-20,1.5226E+17
3340.0,3.4602E-03,5.94753E-20,5.8179E+16
3345.0,3.5408E-03,5.93864E-20,5.9623E+16
3350.0,8.0277E-03,5.92978E-20,1.3538E+17
3355.0,3.6308E-03,5.92094E-20,6.1321E+16
3360.0,5.2402E-03,5.91213E-20,8.8635E+16
3365.0,7.1907E-03,5.90334E-20,1.2181E+17
3370.0,3.9389E-03,5.89458E-20,6.6822E+16
3375.0,8.4560E-03,5.88585E-20,1.4367E+17
3380.0,5.1115E-03,5.87714E-20,8.6973E+16
3385.0,7.4896E-03,5.86846E-20,1.2762E+17
3390.0,9.8552E-03,5.85981E-20,1.6818E+17
3395.0,9.5465E-03,5.85118E-20,1.6316E+17
3400.0,1.2509E-02,5.84257E-20,2.1410E+17
3405.0,4.4594E-03,5.83399E-20,7.6438E+16
3410.0,7.0802E-03,5.82544E-20,1.2154E+17
3415.0,7.2774E-03,5.81691E-20,1.2511E+17
3420.0,1.3165E-02,5.80841E-20,2.2665E+17
3425.0,1.0006E-02,5.79993E-20,1.7252E+17
3430.0,8.6892E-03,5.79147E-20,1.5003E+17
3435.0,1.1553E-02,5.78304E-20,1.9977E+17
3440.0,8.0348E-03,5.77464E-20,1.3914E+17
3445.0,1.1318E-02,5.76625E-20,1.9628E+17
3450.0,1.1153E-02,5.7579E-20,1.9370E+17
3455.0,8.3089E-03,5.74957E-20,1.4451E+17
3460.0,1.2530E-02,5.74126E-20,2.1824E+17
3465.0,9.8179E-03,5.73297E-20,1.7125E+17
3470.0,1.2264E-02,5.72471E-20,2.1423E+17
3475.0,1.0943E-02,5.71647E-20,1.9143E+17
3480.0,1.1224E-02,5.70826E-20,1.9663E+17
3485.0,1.2094E-02,5.70007E-20,2.1217E+17
3490.0,1.0419E-02,5.6919E-20,1.8305E+17
3495.0,1.2265E-02,5.68376E-20,2.1579E+17
3500.0,1.1917E-02,5.67564E-20,2.0997E+17
3505.0,1.1809E-02,5.66755E-20,2.0836E+17
3510.0,1.1963E-02,5.65947E-20,2.1138E+17
3515.0,1.1494E-02,5.65142E-20,2.0338E+17
3520.0,1.2122E-02,5.64339E-20,2.1480E+17
3525.0,1.1428E-02,5.63539E-20,2.0279E+17
3530.0,1.1127E-02,5.62741E-20,1.9773E+17
3535.0,9.4556E-03,5.61945E-20,1.6827E+17
3540.0,9.0310E-03,5.61151E-20,1.6094E+17
3545.0,9.5432E-03,5.6036E-20,1.7030E+17
3550.0,1.0538E-02,5.5957E-20,1.8832E+17
3555.0,9.0581E-03,5.58783E-20,1.6210E+17
3560.0,1.0795E-02,5.57999E-20,1.9346E+17
3565.0,1.0851E-02,5.57216E-20,1.9474E+17
3570.0,8.3376E-03,5.56436E-20,1.4984E+17
3575.0,8.6444E-03,5.55657E-20,1.5557E+17
3580.0,1.0187E-02,5.54881E-20,1.8359E+17
3585.0,9.1671E-03,5.54107E-20,1.6544E+17
3590.0,9.4523E-03,5.53336E-20,1.7082E+17
3595.0,9.6700E-03,5.52566E-20,1.7500E+17
3600.0,1.0262E-02,5.51799E-20,1.8597E+17
3605.0,1.0359E-02,5.51033E-20,1.8799E+17
3610.0,9.4787E-03,5.5027E-20,1.7226E+17
3615.0,9.4726E-03,5.49509E-20,1.7238E+17
3620.0,1.1614E-02,5.4875E-20,2.1164E+17
3625.0,1.0239E-02,5.47993E-20,1.8685E+17
3630.0,9.9550E-03,5.47238E-20,1.8191E+17
3635.0,1.0299E-02,5.46486E-20,1.8846E+17
3640.0,1.1480E-02,5.45735E-20,2.1036E+17
3645.0,1.0599E-02,5.44986E-20,1.9448E+17
3650.0,1.0123E-02,5.4424E-20,1.8600E+17
3655.0,1.0978E-02,5.43495E-20,2.0199E+17
3660.0,1.0914E-02,5.42753E-20,2.0109E+17
3665.0,1.0253E-02,5.42012E-20,1.8917E+17
3670.0,7.9003E-03,5.41274E-20,1.4596E+17
3675.0,4.8286E-03,5.40537E-20,8.9330E+16
3680.0,8.3312E-03,5.39803E-20,1.5434E+17
3685.0,9.4380E-03,5.39071E-20,1.7508E+17
3690.0,9.6922E-03,5.3834E-20,1.8004E+17
3695.0,1.0132E-02,5.37612E-20,1.8846E+17
3700.0,1.0878E-02,5.36885E-20,2.0261E+17
3705.0,1.0770E-02,5.36161E-20,2.0087E+17
3710.0,9.3640E-03,5.35438E-20,1.7488E+17
3715.0,9.2254E-03,5.34717E-20,1.7253E+17
3720.0,1.0376E-02,5.33999E-20,1.9431E+17
3725.0,1.0698E-02,5.33282E-20,2.0061E+17
3730.0,9.2707E-03,5.32567E-20,1.7408E+17
3735.0,8.5837E-03,5.31854E-20,1.6139E+17
3740.0,8.8494E-03,5.31143E-20,1.6661E+17
3745.0,1.0331E-02,5.30434E-20,1.9477E+17
3750.0,9.2903E-03,5.29727E-20,1.7538E+17
3755.0,8.9918E-03,5.29021E-20,1.6997E+17
3760.0,8.8633E-03,5.28318E-20,1.6776E+17
3765.0,8.5502E-03,5.27616E-20,1.6205E+17
3770.0,9.1243E-03,5.26916E-20,1.7316E+17
3775.0,9.0521E-03,5.26218E-20,1.7202E+17
3780.0,9.5746E-03,5.25522E-20,1.8219E+17
3785.0,8.8123E-03,5.24828E-20,1.6791E+17
3790.0,7.7564E-03,5.24136E-20,1.4798E+17
3795.0,8.8692E-03,5.23445E-20,1.6944E+17
3800.0,9.8592E-03,5.22757E-20,1.8860E+17
3805.0,9.3049E-03,5.2207E-20,1.7823E+17
3810.0,8.2451E-03,5.21384E-20,1.5814E+17
3815.0,7.7569E-03,5.20701E-20,1.4897E+17
3820.0,9.6550E-03,5.2002E-20,1.8567E+17
3825.0,9.5056E-03,5.1934E-20,1.8303E+17
3830.0,9.5925E-03,5.18662E-20,1.8495E+17
3835.0,7.6916E-03,5.17986E-20,1.4849E+17
3840.0,8.9756E-03,5.17311E-20,1.7350E+17
3845.0,8.7801E-03,5.16638E-20,1.6995E+17
3850.0,8.8274E-03,5.15967E-20,1.7108E+17
3855.0,8.5085E-03,5.15298E-20,1.6512E+17
3860.0,7.9940E-03,5.14631E-20,1.5533E+17
3865.0,8.0989E-03,5.13965E-20,1.5758E+17
3870.0,7.3604E-03,5.13301E-20,1.4339E+17
3875.0,6.7620E-03,5.12639E-20,1.3191E+17
3880.0,6.5340E-03,5.11978E-20,1.2762E+17
3885.0,6.7717E-03,5.11319E-20,1.3244E+17
3890.0,6.8818E-03,5.10662E-20,1.3476E+17
3895.0,7.4760E-03,5.10006E-20,1.4659E+17
3900.0,7.9254E-03,5.09353E-20,1.5560E+17
3905.0,7.9269E-03,5.087E-20,1.5583E+17
3910.0,7.1353E-03,5.0805E-20,1.4044E+17
3915.0,6.9868E-03,5.07401E-20,1.3770E+17
3920.0,6.9466E-03,5.06754E-20,1.3708E+17
3925.0,6.8520E-03,5.06108E-20,1.3539E+17
3930.0,7.0502E-03,5.05464E-20,1.3948E+17
3935.0,7.3541E-03,5.04822E-20,1.4568E+17
3940.0,7.4027E-03,5.04181E-20,1.4683E+17
3945.0,7.5412E-03,5.03542E-20,1.4976E+17
3950.0,7.6277E-03,5.02905E-20,1.5167E+17
3955.0,7.7199E-03,5.02269E-20,1.5370E+17
3960.0,7.7482E-03,5.01635E-20,1.5446E+17
3965.0,7.8057E-03,5.01002E-20,1.5580E+17
3970.0,7.6806E-03,5.00371E-20,1.5350E+17
3975.0,7.5097E-03,4.99742E-20,1.5027E+17
3980.0,7.3872E-03,4.99114E-20,1.4801E+17
3985.0,7.4327E-03,4.98488E-20,1.4910E+17
3990.0,7.3723E-03,4.97863E-20,1.4808E+17
3995.0,7.2100E-03,4.9724E-20,1.4500E+17
4000.0,7.1043E-03,4.96619E-20,1.4305E+17
